genome site,probability
ybcS,0.019436821
proV,0.004583773
acrA,0.003220267
evgS,0.001760845
topA,0.021098825
mrdA,0.049883612
araJ,0.01090137
pcnB,0.009218509
thrA,0.008575335
gyrA,0.0044803
mrdB,0.052837266
mokC.nhaA,0.041437344
yaaH,0.015997616
ybaL,0.135702095
cls,0.090342463
murE,0.00435691
ompF.asnS,0.019459529
ftsW,0.00435691
dgt,0.00592758
secF,0.025889321
ECB_00212,0.00592758
cyoA.ampG,0.012598082
lon.hupB,0.020656364
mraZ,0.009069822
yahA,0.007206626
fsr,0.007556423
frmB,0.006099661
ylaB,0.007151716
nagD,0.007556424
tig,0.009218509
sbcC,0.00592758
ykgE,0.008023228
yahG,0.005940728
polB,0.00435691
kefC,0.004574861
pdhR,0.00435691
gltL,0.017737229
dnaK,0.007720654
hfq,0.012598082
menD,0.007351674
dnaJ,0.00592758
lpxC,0.013666891
hepA,0.004848291
sgrR,0.00592758
insL.1,0.00755692
spoT,0.0430094
yfbV.ackA,0.009218509
ydcD,0.007556424
mokB.trg,0.031256808
rlmL,0.010057689
glpK,0.018972047
rpoS,0.037929417
mdtG.lpxL,0.00435691
mglO,0.016017949
rpoA,0.036338231
proX,0.00435691
COG0428,0.00592758
miaA.hfq,0.004330202
lpxM,0.00435691
yecC,0.00435691
mglD,0.012598082
can.yadG,0.01090137
ycaQ,0.00592758
csgD.csgB,0.007556423
xapA,0.00435691
yciW,0.008162272
araA,0.009425287
acrB,0.033016147
groL,0.007706022
plsX,0.0105006
fucO,0.005734728
yoaA,0.010896637
hflK,0.029332285
aroA.ycaL,0.00592758
ycdR,0.009218509
uvrB,0.015420373
nuoF,0.021141319
gatZ,0.021042031
srlR,0.01090137
arcA,0.027215341
yffN,0.002960509
gatC,0.007737657
ydaV,0.00435691
garK,0.00435691
rpoB,0.112168945
udhA,0.006284976
marR,0.01858136
acrR,0.020052316
fis,0.062080116
manY,0.00435691
kefC.folA,0.002413849
polA,0.004340839
pyrE.rph,0.13733598
kdpD,0.006179595
flu,0.021978137
adiY,0.007556424
rpoC,0.0896385
cbpA,0.00435691
lpxC.secM,0.00435691
pykF,0.078015402
rne,0.014546863
ahpC,0.00592758
clpX.lon,0.009223131
fusA,0.013183554
potD,0.00592758
rph,0.049703385
rplD,0.005393077
rplB,0.00435691
acrB,0.005805853
ylbE,0.009231682
fis,0.004595275
folM,0.007521852
acrR,0.009689254
ompF,0.018291036
ompF,0.004128018
pgaA,0.004731682
mprA,0.008454509
gyrA,0.002571546
ftsI,0.006746507
ompR,0.009807512
yaaJ,0.009218509
folA,0.00756263
fusA,0.010891825
envZ,0.001485393
rpsE,0.002100679
cyoA,0.004651891
dcp,0.004505897
ylbE,0.00592758
trkH,0.037135208
atpD,0.007556424
eutB,0.00435691
atpG,0.01090137
argS,0.009218509
arnC,0.00435691
nhaR,0.00245824
ppsA,0.009218509
crp,0.016017949
relA,0.014544336
nusA,0.024644738
rho,0.106064558
argR,0.014667358
entD,6.10E-05
glpR,0.037789612
ydhA,0.00435691
ECB_02832,0.019459512
ycdT,0.010907186
dacA,0.00592758
yddB,0.010911775
yneE,0.00592758
fabF,0.00592758
proQ,0.017768437
envZ,0.060961909
acnB,0.00592758
ybjG.mdfA,0.006468014
yeeP.isrC,0.00435691
ydeE,0.00435691
ftsI,0.014535898
rob,0.007556424
xdhB,0.008138994
mlaD,0.00325927
rbsK,0.022076705
parC,0.007556424
hydN,0.00435691
ompR,0.023080245
ccmH,0.004757812
cpxR,0.00592758
ypjC,0.00435691
yegQ,0.020327734
tufB,0.004048856
gtrS,0.00592758
pgsA,0.007355635
phoQ,0.012187206
ynfL,0.008752238
nagC,0.012598082
yedW.yedX,0.007556423
rbsA,0.018350933
ldrC,0.027318755
yabN,0.00435691
ykgK.ykgL,0.016450143
yaaH.yaaW,0.013127057
ECB_01992,0.042436492
mdoG,0.00592758
mreC,0.028347883
sbmA,0.019199749
ECB_00825,0.00435691
tesB.ybaY,0.01090137
cpsG,0.065400732
aroP.pdhR,0.00435691
rssB,0.021185523
ybhI,0.008031606
rluB,0.00435691
dnaX,0.007702261
ylbH,0.007556424
sucB,0.00435691
rpsA,0.0083227
ybhJ,0.00435691
yccE,0.003963311
gabD,0.009219563
rbs,0.012689367
ynjD,0.00785053
yceA,0.005980791
ycfH.ptsG,0.00592758
rna,0.020108352
galS,0.016017949
ptsP,0.010264938
rssA.rssB,0.00435691
yejM,0.01475894
slyD,0.007556424
fnr.insH,0.00592758
mfd,0.007556423
metL,0.064550261
gyrB,0.007556424
secA,0.014298571
hybB,0.007514274
mdh,0.00397582
hrpA,0.017446979
prpR,0.005115995
aroP,0.005089266
ybeB,0.00435691
ymdC,0.00592758
ynjI,0.01429975
dcuB.dcuR,0.00592758
focA.ycaO,0.009218509
gatA,0.007556424
gatY.fbaB,0.059740691
pntB,0.00592758
fruK,0.01090137
isrC,0.00592758
cmr,0.007687717
yedX,0.00592758
pgaB,0.009218509
yfgF,0.01090137
hns.tdk,0.016389885
yfbM,0.009218509
dgsA,0.004716018
fucI,0.007771812
ftsX,0.012598082
msbA,0.00592758
mhpB,0.00435691
wzzE,0.01274738
ogrK,0.0222918
nudE.yrfF,0.001932016
potA,0.012850594
wzc,0.00435691
folP,0.001911764
marR,0.005928221
envR,0.00435691
ydgI,0.007554198
insK.glyS,0.00592758
yaiT,0.012629421
rpsL,0.000915193
arcB,0.035668767
ispF,0.003657234
cyoB,0.007196048
fliC,0.006100262
cpxA,0.007556424
hemA,0.00435691
ispA,0.00435691
thiQ,0.004368676
cyaA,0.013052101
kdtA,0.007908663
pdxB,0.00592758
acpP,0.00435691
feoA,0.005928424
flhD,0.00435691
lldR,0.00630119
nadR,0.053457484
ilvB,0.004040145
purF,0.00435691
pitA,0.004424213
yifN.ppiC,0.00435691
alaS,0.00435691
ycjF,0.00592758
soxR,0.011042582
ycbZ,0.012300112
yjjK,0.00759237
dcd,0.00592758
yfiE,0.00435691
rplF,0.01090137
rpoD,0.060567081
rimK.ybjN,0.00435691
mprA,0.002416793
nfsB,0.008655793
ybhF,0.00435691
emrB,0.008463125
ybbA,0.00592758
tsf,0.00435691
atpA,0.009218509
marC,0.005436316
yjjM,0.012775967
insL.lon,0.00435691
ybcQ,0.019717083
insL.2.lon,0.00435691
setA,0.016452601
insB.1,0.01430449
ECB_01996,0.021697083
pflA.pflB,0.00435691
ybiW,0.00435691
ynjA,0.00435691
ogrK.ECB_02013,0.01430449
entF,0.01090137
thrS,0.00435691
ECB_01513.ECB_01523,0.01090137
gspF,0.00435691
hokE,0.006494205
pta,0.022914092
ECB_00736.ECB_00737,0.00592758
nth.ydgR,0.009643564
puuP,0.00435691
hyfG,0.00592758
ydcU,0.00435691
ybeA,0.00435691
ybjE,0.01090137
ECB_01413,0.00435691
ydiJ,0.009218509
murD,0.005960915
valS,0.008704707
bamA,0.00592758
cusA,0.020726051
proA,0.00654326
yagR,0.010925355
ptsG,0.00592758
ytfT,0.00592758
serB,0.00435691
dapF,0.00435691
sapB,0.021185523
malT,0.101860719
fhlA,0.00435691
holE,0.00435691
frvB,0.00435691
yfgO,0.004489411
rrlD,0.00925913
tpx,0.004591811
atoS,0.012598082
pntA,0.012439689
ispU,0.00435691
htrE,0.00944392
corA,0.010661685
ygeW,0.012598082
prpE.codB,0.007556423
gcd,0.009218509
ygiC,0.014473662
ycaL,0.010745191
treA,0.007665741
spr,0.00435691
ygaH.mprA,0.011289534
yiaW,0.00093987
yhdJ,0.00606346
trkH,0.009839994
clcB,0.001421165
folM,0.01091538
pepT,0.006209997
yaiV,0.012875737
eptB,0.010329357
iscR,0.004376076
fimD,0.016600582
hybF,0.00435691
leuS,0.00592758
mdtO,0.00592758
gntK,0.007556424
ykfH,0.004473909
bglJ,0.003825504
nadB,0.012208835
ilvG_1,0.004357715
ydjO,0.00592758
infC,0.00435691
fepA.fes,0.00435691
mreB,0.029600171
metA.aceB,0.007556424
pyrB,0.007556424
ompC,0.0071263
rhlB,0.01610646
narG,0.009386679
rpsL,0.022003296
yaeH,0.00435691
yffS,0.00592758
yabP,0.008013394
parE,0.012598082
kbaY,0.00373851
ygbE,0.00435691
carB,0.00435691
yghA,0.012523675
rhsB,0.010213533
yegI,0.01090137
yghJ,0.012598082
fadE,0.020569716
leuA,0.01430449
tilS.rof,0.011723495
motB,0.00435691
vacJ,0.00435691
gltI,0.009218509
ycbS,0.01090137
glgP,0.057684917
yehU,0.014676249
pitB,0.00592758
kpsD,0.029845862
yeeN.asnW,0.007556424
aspC.ompF,0.009218509
pck,0.004595191
ECB_02798,0.019615783
wbbD,0.023591867
ECB_02821,0.023264533
flhA,0.00435691
manZ,0.007556424
ydgR,0.00435691
ydbD,0.005931196
yfhK,0.015371878
yigE.corA,0.00592758
acrD.yffB,0.00592758
dnaG.rpoD,0.050249276
infB,0.010627553
ydeJ,0.004330858
ECB_02003,0.021386906
yeeJ,0.003504072
ppk,0.007556424
ansP.yncG,0.00435691
yneH,0.00435691
ybbP,0.009218509
aroL,0.00592758
ftsK,0.009218509
eutA,0.00592758
ihfA,0.01090137
fepE,0.012598082
ravA,0.009571341
iscU,0.005748203
oxyR,0.005930345
fabR,0.009218509
ygbM,0.00592758
ynaI,0.005963574
rep,0.008250345
bipA,0.00435691
rplD,0.01090137
ydeK,0.00592758
yfjL.yfjM,0.00592758
ygaZ,0.01430449
matA.ykgL,0.01132618
yeeL_2,0.004165073
waaK,0.007556424
psaA,0.007556424
typA,0.00435691
iap,0.009218509
putA,0.019513688
rpsJ,0.003317213
mppA,0.015578194
rlmE,0.00435691
yejM.proL,0.00592758
aldA,0.00877111
barA,0.009407486
atpB,0.002550352
ydgC,0.007558822
nmpC,0.021349562
ampH,0.01544797
narZ,0.00592758
yjjA,0.006545017
kgtP,0.010868311
purE.lpxH,0.002477955
csdA,0.004047818
opgH,0.00592758
dacB,0.00435691
rapA,0.009218509
arpB,0.00435691
rpsF,0.00435691
phoP,0.002946899
yhhH,0.00298442
glmU.atpC,0.01090137
yhdG.fis,0.009218509
caiA,0.00435691
fadL,0.007556423
phoH,0.012196827
glnD,0.009218509
yaeL,0.012598082
yabN.setA,0.00592758
ddl,0.009218509
yecP,0.00435691
tldD,0.005978066
ECB_02008,0.022763122
ebgA,0.006436493
mntH.nupC,0.02027456
sufD,0.0092329
manX,0.007556424
sdaC,0.00435691
glpT,0.009412878
truB,0.00592758
pbpG,0.009228429
glpG,0.01090137
glpF,0.028110878
rpoH,0.01430449
znuA,0.00592758
ECB_02804,0.01430449
dinG,0.007556424
atoC,0.007556424
yejA,0.01090137
iclR,0.107078491
deaD,0.014329184
crr,0.00435691
dhaM,0.007556424
recO,0.00435691
yeaH,0.014012158
cobB,0.009218509
ybdN,0.00435691
lsrD,0.005956439
nth.tppB,0.00435691
rhtA,0.01090137
pgm,0.004315562
glnE,0.015033215
mioC,0.00601246
uhpA,0.004572253
uvrA,0.007556423
uidA.uidR,0.00435691
menC,0.026377095
insB,0.00592758
yobD,0.00435691
clpA,0.008730629
rffE,0.005862365
adhP,0.004332472
wcaA,0.00435691
yeaR,0.009218509
pgl,0.007556424
ydfI,0.00435691
yjhV.fecE,0.01090137
mutT,0.010611276
yhhZ,0.009168004
ydhZ.pykF,0.007556424
yhjK,0.007131784
abgB,0.01090137
rstA,0.00435691
cra.mraZ,0.007353858
mtlA,0.010192805
nuoL,0.007556424
ribD,0.005605943
bglF,0.012597465
ydcI,0.00435691
galE,0.002480114
idnO,0.003317213
alr,0.00435691
aroK,0.00592758
pnp,0.007570318
ahpF,0.009586501
marA,0.007556424
yrhC,0.002723829
kup,0.016024685
rpsM,0.009218509
asnB,0.00435691
yagU,0.01430449
djlA,0.00435691
nupC.yfeA,0.033358262
fadH,0.007556424
wzyE,0.00592758
tktB,0.00435691
yifB.ilvL,0.073081951
glmS,0.013028315
ppiA,0.007556424
wbbC,0.016788381
yqeA,0.007556424
yfcI,0.00592758
uspA,0.008965208
dnaA,0.015035613
ECB_02002,0.024451732
yedW,0.00435691
lysP,0.00435691
yfeY,0.00435691
ygcN,0.00435691
tap,0.00435691
dusB,0.01090137
wcaI,0.00435691
napA,0.00592758
frmR.yaiO,0.02121047
mreD,0.016682667
prc,0.00592758
endA,0.007017735
murA,0.00592758
trkG,0.007556424
mdtJ,0.00435691
ybeF,0.028922915
ygeH,0.00435691
modE,0.00435691
fliF,0.009218509
yehA,0.00435691
manA,0.011111355
lhr,0.00914779
rhsC,0.009305713
cadA,0.007483989
ycfK,0.004354175
ftsE,0.847136785
kup.insJ.5,0.016898555
rbsD,0.005034444
rtcA,0.00592758
rfe,0.00592758
glgB,0.005011138
yqeG,0.007556424
yjiV,0.01288954
mgtA,0.006505653
flgK,0.012598082
acs.nrfA,0.009218509
nagA,0.00592758
panB,0.00435691
yeaG,0.00435691
rstB,0.00435691
thiP,0.00592758
yaiW,0.014458629
oppF,0.00435691
nuoI,0.00435691
yjbM,0.00435691
amiD,0.00248079
mipA,0.00435691
fepA,0.008354444
yhhI,0.004209725
nirC,0.007857485
narI.ychS,0.00592758
ybjN.potF,0.00435691
ytfN,0.024076673
greA.dacB,0.009218509
glgC,0.011942737
ECB_01999,0.025823455
gor,0.005391469
rrlB,0.00435691
metH,0.013497396
amn.yeeN,0.00435691
proW,0.006310251
yraL,0.00592758
yggG,0.00592758
speB,0.005919008
ygfK,0.00592758
dctA.yhjK,0.021185519
gltB,0.021484385
nuoM,0.00435691
uraA,0.004944848
glgA,0.010214022
gspG,0.00592758
yhiO.uspA,0.012598082
ECB_02512,0.00592758
yhiM.yhiN,0.00435691
fhuA,0.004338405
emrD,0.008575374
ydgJ,0.00435691
bcsC,0.020282109
glnS.ybfM,0.00435691
ycbV,0.00435691
guaB,0.003758837
yeaN,0.00592758
cydB,0.00435691
rpsB,0.004089662
hscA,0.003601364
fxsA,0.00592758
abrB,0.00592758
citG,0.017825256
potC,0.007556424
ibpB.yidE,0.001542403
yjiK,0.01264254
yeiH,0.006963873
yfdI,0.007556424
ybiO,0.00592758
ynfM,0.00435691
murC,0.00435691
gltX,0.007556424
fhuB,0.00435691
osmF,0.00435691
pncB,0.006456584
sspA,0.014763197
lepA,0.00592758
fadJ,0.004922238
narU,0.005987198
fes,0.004083764
yhhJ,0.002943173
hslU,0.025724958
ldrC.chaA,0.017755247
ybjD,0.010504688
araE,0.009218509
purL.yfhD,0.009218509
ygdH.sdaC,0.00435691
hycE,0.00592758
yhiO,0.003962933
rplU.ispB,0.00592758
malQ,0.013196597
rtn,0.00435691
yjaH,0.016142029
hypE,0.00592758
yicC,0.008147798
ECB_02800,0.00435691
yiaG,0.001524685
atpF,0.00435691
sufI,0.00435691
ygaF,0.00435691
ydjE,0.007584876
lpxK,0.00435691
ybjL,0.010653106
yodB.serU,0.00592758
rrmA,0.00435691
yhhW,0.01185017
cdaR,0.004265766
nuoG,0.00592758
rbsC,0.020313406
cspC,0.01090314
asnS,0.004661249
dapB.caX,0.00435691
cysK.ptsH,0.00435691
hrpB,0.01090137
treB,0.007026228
yeaP,0.00435691
ylbE_1,0.001886439
elfC,0.002536697
aroH,0.005012401
speC,0.004530932
rbbA,0.004549577
rbsB,0.014997567
insL.2,0.009218509
yjaG.hupA,0.00435691
treF,0.016002328
ygaD,0.00435691
atpC,0.006118064
yjcR,0.00435691
dapA.gcvR,0.00435691
ubiB,0.00592758
yhhF,0.012598082
cusC,0.0099535
orn,0.00435691
kch,0.004374066
yjiN,0.011072074
melA,0.00592758
selA,0.010196552
asmA,0.009218509
fruA,0.00435691
insH,0.005071533
yraK,0.00592758
glf,0.00435691
cfa,0.161430182
lrp,0.017577319
yobF,0.009218509
gst,0.007556424
perR,0.003273509
yfeA,0.00435691
ydeM,0.003900561
borD,0.006300897
ggt,0.020453006
zntA,0.016798797
ybcM,0.004367929
yqaB,0.002936187
sfmD,0.005927561
nuoE,0.00592758
yhiI,0.021175839
murF,0.009218509
yaeJ,0.00435691
poxA,0.00592758
glpE,0.0109279
yjeH.groS,0.006164429
uvrD,0.006429104
yjhC,0.00435691
argE.argC,0.01090137
yjcF,0.013114452
yraM,0.00459685
glgX,0.010558982
ybhN,0.003415049
arnT,0.004373185
yjgQ,0.010332718
udp,0.00435691
yneF,0.00435691
fabD,0.00592758
yicH,0.00592758
wecH,0.00271994
yhbW,0.00592758
fepB,0.00435691
pstC,0.005811781
yebO,0.005959186
ycjM,0.00435691
yiaN,0.004734133
evgA,0.00592758
katE,0.01090137
ydgD,0.00435691
ybcV,0.006308449
ybhG,0.00435691
gabP,0.004454275
sfmH,0.005929929
ycdY,0.004756768
yihQ,0.017990424
ycfQ,0.00435691
yhiJ,0.011023832
rbsR,0.034556553
hsdM,0.018423294
ydgR.gst,0.014306317
cusS,0.021964168
yafE,0.009218509
nrfG.gltP,0.030543491
lptB,0.00435691
dppD,0.005074973
ECB_04076,0.00435691
yjeP,0.004367473
ECB_00624,0.009218509
adhE,0.012143207
yjiPQ,0.014398559
uxuB,0.011772442
idnR,0.00435691
fadD,0.00592758
gltT,0.00435691
yeeE,0.005906495
ybaK,0.00435691
yhiD,0.55553861
maeA,0.006280647
osmE,0.01090137
rrsG.clpB,0.00435691
yaiY,0.010708245
ybcW,0.021322588
ygbN,0.00592758
csgC.ymdA,0.002427969
hypF,0.007556424
ptrA,0.004374104
cyoC,0.00435691
yhiL,0.006453344
yieO,0.03776284
ebgR,0.00592758
rnd,0.007626349
gltA,0.01572659
ECB_00512,0.01611686
ybaJ,0.00435691
metA,0.007556424
rpsC,0.00435691
hsdR,0.012310126
rhsA,0.011095666
aspA,0.007280118
bcsB,0.00964779
recE,0.007556424
mukB,0.007717079
yecN,0.00592758
galF,0.017832176
rhsD,0.00592758
exuR,0.00435691
sppA,0.015472326
hcr,0.002992437
nlpI.pnp,0.005908215
yobH,0.00435691
tqsA,0.00592758
yedE,0.009222549
fadL.yfdF,0.009218509
yaiZ,0.010742478
mutS,0.015902391
grxB,0.002544938
bglX,0.007778574
plaP,0.00435691
yhiM,0.001901517
nmpC.ECB_00513,0.007556424
sdaA,0.005940192
infA,0.018739992
thrS.arpB,0.007559005
dsbG,0.009218509
actP,0.007930435
yjcC,0.004339712
IS1_insB.ESCRE4497,0.009334845
ECB_04210,0.00435691
mak,0.00592758
ycbB,0.00592758
allD,0.00592758
mcrC,0.015615475
malI.malX,0.00435691
glnB,0.00435691
narH,0.00435691
gadA,0.004190322
asnU,0.00435691
glxR,0.009218509
pflB,0.011142413
kdgR,0.00435691
speF,0.005856221
rcsC,0.011013126
ddlA,0.01413806
lolC,0.010737201
lolE,0.002479677
yhiN,0.002638254
citC.gatZ,0.007556424
rrlA,0.02461929
narP.ccmH,0.00435691
pheS.pheM,0.014915665
gltL.insJ.2,0.016017949
gcl,0.010326336
yjhA,0.00592758
yjgN,0.004549589
ampG,0.00592758
prpD,0.00435691
ynfF,0.000845075
uvrC,0.00592758
yfhG,0.00435691
hycB,0.00435691
nikD,0.01430449
pepN,0.00592758
yiaK,0.004870614
ygcU,0.01090137
proP,0.007556424
mltB,0.00592758
yqiK,0.007556424
iraP,0.010853156
dnaE,0.006574518
ymfD,0.008487873
treA.dhaM,0.002473507
ccmB,0.00592758
ECB_02200.nuoN,0.016859494
ECB_02013,0.018255917
ykgF,0.00435691
cysQ,0.00435691
cynX,0.007556424
kefA,0.011213587
ydbH,0.002479938
yniA,0.00592758
yeaI,0.005952385
csgG,0.00592758
nagE,0.007556424
fabG.acpP,0.00592758
yrfF,0.012103969
yjaB,0.00435691
phnC,0.007803623
yjhP,0.007556424
rfbA,0.02793282
gatY,0.00435691
ygcE.ygcF,0.007556424
cysI,0.00592758
araG,0.009218509
astB,0.00435691
phoA,0.012491455
ldcC,0.004885044
uspB,0.002537606
yadG,0.00592758
rihB,0.004634596
yedV,0.006027681
tolR,0.002273766
tauD.hemB,0.00592758
ybiV,0.00435691
lacI,0.00435691
yeaJ,0.004368766
aspS,0.007626926
kdpB,0.001988323
fnr,0.006233265
dppF,0.001687168
ycjT,0.00435691
yieG,0.00592758
yjdL,0.007561845
yrbD,0.00592758
cusR,0.014474236
ychM,0.00435691
ygeY,0.007556424
ydgH,0.00363171
pepD,0.00435691
psiF,0.010154596
malP,0.001979692
narX,0.0059438
chbF,0.00435691
mutL,0.02000973
smp.serB,0.022620355
insJ.3.cysH,0.00592758
lysQ,0.012598082
ybgQ,0.007556424
ydcM,0.00435691
yeaM,0.00435691
dgoT,0.00592758
ydcF,0.00592758
cutA,0.00435691
rplJ,0.00435691
rpoN,0.00592758
ycgB.dadA,0.00435691
yhfZ,0.00435691
cynR,0.00435691
adrA,0.006622088
ycgG,0.0075593
nrdG,0.00592758
manB.cpsG,0.007556424
tdcR.yhaB,0.00435691
ynaK.ECB_01341,0.017753519
ybiX.ybiL,0.012598082
ruvB,0.00435691
torZ,0.00435691
ynbC,0.005936584
yjiJ,0.019034171
gspE,0.00435691
ynbD,0.00592758
ybgL,0.007556424
bcsG,0.004407689
yehQ,0.00631532
appY,0.01090137
proC,0.009345791
ddpD,0.007467338
rpsG,0.047182977
ompN.ydbK,0.01916325
ddpF,0.006184614
fdhD,0.004386092
wcaC,0.00435691
yeeU,0.01430449
chiA,0.020498225
malS,0.00435691
gltF,0.00435691
dinQ.arsR,0.00592758
yeiT,0.006840454
yaeF,0.00435691
ompT,0.009852681
b3783.b4403,0.004018187
ybgJ,0.004360698
uxaB,0.002476506
prlC,0.012112004
yhgI.gntT,0.376626502
rplS,0.015527319
acpD,0.016442475
pqiB,0.008107778
ulaG,0.006118528
maa,0.00592758
ybbD,0.005610618
sapA,0.010423516
cho,0.004123435
ansA,0.00435691
yiaY,0.004034831
yphG,0.005169739
rnr,0.010938968
dnaQ,0.013315149
ycjS,0.004587364
ydaM,0.005990172
cpdB,0.00592758
oxc,0.00435691
rlmJ,0.002567844
pflC,0.009218509
ECB_02816,0.015034215
yeeP.flu,0.017367398
insL.5,0.007811094
yfiR,0.00592758
rimJ,0.007556424
IS3_insE.serX,0.00435691
ydfP,0.01617028
yehY,0.00592758
fimH,0.017641374
fumC,0.00435691
yheS,0.006315318
yeaZ,0.00435691
glyQ,0.00587611
envY,0.009894275
ydjI,0.004852514
kup.insJ,0.00592758
rpsD,0.00592758
hdfR.yifE,0.01757108
ydhV,0.017714273
ylaC,0.00592758
rof,0.00435691
ybaP,0.00435691
yjiK.yjiL,0.007556424
mdtF,0.00592758
yhfW,0.00435691
cheR,0.004654782
sgbU,0.002130404
yffP.yffQ,0.00592758
yejG.bcr,0.007556423
ybcH,0.009402683
yajO,0.004326056
ydeU,0.00711842
cheA,0.010319124
yhbE.rpmA,0.015902339
ybaM.priC,0.00592758
yceF,0.00435691
sufS,0.00435691
flgG,0.005984693
ydiR,0.00435691
ugpA,0.010261241
atoA,0.007556424
cysD,0.003893084
yiaU,0.009218509
ravA.kup,0.00435691
gltP.yjcO,0.00435691
nfrA,0.017493942
yajR,0.002962024
ftnB.yecJ,0.002458782
feoB,0.007556424
ygjG,0.007558956
aroD,0.00435691
ytfR,0.00435691
phoU,0.00592758
tus,0.00435691
ilvC,0.006356971
nfrB,0.009842519
stfR,0.005942836
ydeT,0.004738261
yqjK,0.007556429
ybdR,0.00592758
ygjR.psrN,0.007556424
envC,0.004011391
amiA,0.00435691
yjbH,0.006445203
yihG.polA,0.007556424
feaB,0.009760321
smtA,0.00435691
arsR,0.004291653
cycA,0.013820491
yghB,0.01090137
ydjG,0.005960269
cdd,0.00592758
fdoG,0.004108892
nac,0.00435691
yihM,0.007556424
rlmB.yjfI,0.00592758
recN,0.01090137
cynT,0.00435691
cbrA,0.005537828
dld,0.00592758
arsB,0.003975783
cca.uppP,0.00435691
ECB_02001,0.012623575
ydiD,0.01090137
ybcU.ECB_00510,0.00592758
ylbF,0.00435691
yebT,0.005662866
malS.avtA,0.003783866
glmU,0.00592758
nlpD,0.00605467
ygfM,0.005168044
pheS,0.00435691
ssuB,0.007556424
arsC,0.005586264
ykgA,0.00435691
yrfE,0.009221697
intD,0.00634474
fadI,0.002951276
metK.galP,0.00435691
ydcK,0.00592758
tar,0.00592758
acnA,0.00592758
nrfD,0.007556423
yjhI,0.00435691
ypfJ,0.0025412
yhiS,0.000982024
yahJ,0.00435691
yciQ,0.00435691
fepD,0.00435691
xapB,0.00435691
yhfX,0.00435691
rffD,0.010155187
creD,0.003247684
cusB,0.009470067
yebK,0.00435691
IS1,0.00592758
waaT,0.013804338
mepA,0.017064098
yehM,0.011311124
entE,0.007556424
idi,0.00592758
focA,0.0067341
gcvR,0.00435691
cstA,0.005042603
intA,0.002538824
ydiY,0.01090137
ycjC,0.00435691
hyfB,0.00592758
ygfU,0.007556424
yehB,0.006578475
ybhR,0.007556424
pheP,0.014764129
slp,0.005079
yeeI,0.009218509
citT,0.014043085
bioC,0.006909493
aslA,0.004357709
cydD,0.011383884
mnmG,0.00592758
hypD,0.00435691
ybdG,0.014916319
nrdA,0.007555971
ygaM,0.004844947
fhuE,0.00435691
yahK,0.007556424
fimA,0.010470014
purL,0.007556424
ydcR,0.00435691
ECB_00735,0.00592758
yhhN,0.009218509
yhaM,0.00592758
ycaC,0.003778911
ddpA,0.002843737
ydiS,0.00592758
argZ.argY,0.002474374
trg,0.00435691
yfiQ,0.00435691
yfiH,0.013349263
ybeD,0.00435691
nrdE,0.00592758
ydiU,0.00435691
tdcG,0.00435691
lepB,0.007535698
atoE,0.00472022
ycaN,0.007556424
ybdF,0.018060026
dosP,0.006536942
yjhB,0.005927662
ascB,0.004877964
hdeB,0.000968097
ECB_03822,0.019139356
mglB,0.007556424
mcrB,0.012480294
wcaK,0.016467824
ftsA,0.00435691
ybdJ,0.013727365
pqqL,0.00437157
yphH,0.005927806
ygbL,0.004831679
amiC,0.013176298
yejH,0.009218509
kefB,0.01090137
yeaE,0.00435691
citC,0.00601071
pgaC,0.003319379
flgF,0.01090137
ybdK,0.015374552
iap.ygbF,0.002508884
hdeD,0.001579637
yiaV,0.008735536
yqeB,0.009329551
metT.asnB,0.00592758
ybdM,0.00435691
narY,0.00592758
yibD,0.004125871
alsA,0.008672194
potE,0.004036414
ygcG,0.004787851
xdhA,0.004377556
hemE,0.009228823
mntR,0.00592758
rhaA,0.00435691
yohF,0.00592758
yidC,0.004356917
coaE.guaC,0.00435691
yjiS.yjiT,0.00592758
serV,0.00435691
queF.ygdH,0.002535409
narQ,0.007556424
fimE,0.014136889
sgcX,0.00592758
dbpA,0.006351514
yjjI,0.00592758
fucK,0.004710602
hofQ,0.007556424
ycaI,0.00435691
mdtE,0.006224319
mdh.argR,0.00592758
hflB,0.009083641
kduD,0.00592758
yfgI,0.009218509
ybgH.ybgI,0.00592758
citA,0.007556424
potF,0.00435691
hflD,0.00592758
galR,0.004852233
yebS,0.00435691
ybdH,0.00435691
speC.yqgA,0.0028055
ybcR,0.016630659
yrdB,0.00435691
torY,0.009218509
tktA,0.010478277
yqjG,0.00435691
dcuR,0.00592758
gltD,0.005882982
gltT.rrlB,0.00435691
ybdZ,0.006076814
ybfO,0.004158423
ftsN,0.005927725
yqhC,0.002498505
kdgK,0.008031409
yegE,0.007556424
ycaO,0.004308162
ypjA,0.00435691
ispB,0.00592758
yciI.tonB,0.00435691
gadB,0.00592758
citF,0.00592758
ybgK,0.003197148
argG,0.004886439
ldcA,0.004204888
ybcT,0.0166779
ygiE,0.009218509
yhiR,0.007045498
cueO.gcd,0.00435691
nei,0.003594067
yhbX.leuU,0.002531925
leuP,0.007556424
yhdP,0.01090137
ybcU,0.017668019
mokC,0.006175835
yggW,0.007556424
ybhQ,0.00592758
yjiZ,0.007556423
helD,0.004706233
yhcG,0.004825119
lysU,0.009820885
yhjA,0.002565883
ECB_00510,0.007556424
insJ.2,0.009218518
ybiB,0.007556424
hycC,0.004290042
selB,0.003654125
srlE,0.00435691
lldP,0.008250833
recE.XcC,0.00435691
yjgR,0.014871152
yjcH,0.005363671
nohB,0.007556424
insK.2,0.00922009
ECB_00833,0.007556424
fur.fldA,0.00435691
ydeR,0.00435691
astC,0.005907437
ydfV,0.004380697
malX,0.005741044
yhjB,0.002132465
ECB_01510,0.016580079
yghJ.yghK,0.007556423
ECB_00851.ybjL,0.00592758
ompA.sulA,0.00435691
mutH,0.003908775
ydfJ,0.00592758
pabB,0.007556424
mdfA,0.006095183
yjiM,0.014777664
yhjC,0.013434729
ECB_00513,0.009218509
insE.3,0.015273108
yjeM,0.021054868
ygjE,0.007556424
yhdN,0.00435691
ynfM.asr,0.00435691
rsmF,0.007556424
yhjD,0.001575512
ECB_00514,0.007556424
insF.3,0.015291323
putP,0.010902998
yhhX,0.007556423
gspC,0.00435691
glpD,0.007557584
plsB,0.002749774
hchA,0.00592758
yieL,0.006142345
yhjE,0.000985763
ycdN,0.007559656
ytfQ,0.015561743
yeeR,0.023703047
ybiR,0.004388921
bcsE,0.013397303
yhjG,0.018052807
ydcA,0.00592758
gnsB,0.015103999
ycdO,0.007806642
aroG,0.00592758
pyrD,0.006380149
gmd,0.009868268
yhjH,0.013190896
hokB,0.00592758
ynfN,0.018068831
ycdB,0.007559202
aroG.gpmA,0.00435691
ybdA,0.00435691
qseC,0.00466245
uidA,0.004368966
yidA,0.00979825
mokB,0.00592758
ECB_01516,0.014864254
ECB_02818,0.018756639
ycbL,0.007556424
galT,0.00435691
yebN,0.00592758
b3775.b4403,0.002316192
yhjJ,0.009456488
cspI,0.015161593
ycdP,0.007556476
dctA,0.001613854
ycdQ,0.007556833
yhhA,0.01090137
cysB,0.00435691
gldA,0.00435691
ybjS,0.004026476
ydfQ,0.014686282
livJ,0.014028466
wzxE,0.003637118
yebK.pykA,0.00435691
hemX,0.004697742
ydfR,0.01889099
ycdS,0.009219727
agp,0.007556424
ybeM,0.004623371
b1894.b4403,0.003145581
xerC,0.002635795
bcsZ,0.003103043
essQ,0.015055751
lysU.yjdL,0.00592758
ycdG,0.00592758
sgcA,0.00435691
yfdE,0.007556424
ECB_01522,0.019863376
dfp,0.004569941
yjhR,0.00435691
yegR.yegS,0.00592758
macA,0.00385537
yigG.rarD,0.002524387
bcsA,0.001605895
ECB_01523,0.0181666
hscC,0.009218509
cytR,0.002476531
bcsQ,0.003642045
manB,0.015294845
yicL,0.007556424
yhfT,0.007556424
yhgF,0.007494748
macB,0.008063486
ptsA,0.00467611
yhjR,0.003872421
manC,0.015107668
ECB_00515,0.00592758
insH.8.narP,0.00435691
pcm,0.007733984
ynjC,0.007575048
thiE,0.002586491
insB.14,0.015238531
ECB_00516,0.00592758
ssuD,0.00435691
ECB_03714,0.00592758
napB,0.00435691
insA.14,0.01525615
ECB_00517,0.00592758
aceA,0.014854216
bipA.yihL,0.00435691
glyV.glyX,0.002544076
rfc,0.013290469
ldrD,0.001373745
yhhL,0.01430449
ycaK,0.003198551
insD.yjgZ,0.002580261
wzy,0.016586011
ycdW,0.00435691
ydjX,0.00435691
kptA,0.015960043
nuoB,0.00435691
fecA,0.00488174
yhjV,0.007957649
wbbB,0.013941282
ycdZ,0.00435691
phnD,0.007561165
yfbQ,0.00435691
gapA,0.005937508
wbbA,0.015704856
goaG,0.007556424
ygdD,0.004708663
bglA,0.00592758
vioB,0.01595684
insE.4,0.006179291
yfcD.yfcE,0.00435691
dppC,0.002453414
vioA,0.013350332
insF.4,0.007557384
yecT,0.006804996
alsK,0.005392267
dppB,0.001450179
wzx,0.013997821
ECB_01526,0.007558008
ECB_00524,0.00592758
rnk,0.016041094
dppA,0.003774904
flhB,0.003128293
cvpA,0.00435691
yggN,0.007556424
rmlC,0.014846428
yjdB,0.01090137
yeaS,0.00435691
araH,0.00435691
fklB.cycA,0.00952154
frc,0.00435691
torA,0.004772599
smf,0.009218509
proK,0.003997135
ECB_00526,0.00592758
yeeA,0.004112052
rfbD,0.015264073
ECB_00527,0.00592758
insL.3,0.00435691
yidX,0.00435691
ycgV.ychF,0.00592758
pepB,0.00435691
sufB,0.00592758
yhjX,0.001920326
rfbB,0.014700917
ECB_00528,0.005934868
sufC,0.00435691
hcaT,0.009218509
yhjY,0.004010553
ECB_00529,0.00592758
modA,0.00435691
yecA,0.00592758
yebQ,0.004498982
tag,0.001386137
wcaM,0.028701564
ECB_00530,0.00592758
XiA,0.00435691
garR,0.005928883
purT,0.002701652
yiaC,0.003989964
ccrB,0.00435691
wcaL,0.015224627
ybdQ,0.00435691
ydcI.ydcJ,0.00592758
yedD,0.012598082
ydhB,0.010952427
flhC,0.007556424
bisC,0.011422276
yeaY,0.00435691
baeR,0.016286597
yeaV,0.00435691
cysN,0.007556424
dam,0.00592758
cheY,0.004375857
yfbK,0.004365064
yfiF,0.017242666
cutC,0.00592758
ydfI.ydfK,0.010236399
yiaD,0.005420826
wzxC,0.016561018
narW,0.00592758
nlpC,0.00592758
asnT.yeeJ,0.00435691
ghrB,0.003212546
wcaJ,0.023364613
ylcC,0.00592758
yddQ,0.00592758
yciM,0.00435691
yoaB,0.00435691
intF,0.00435691
yejK,0.012598082
ydjJ,0.007556424
ydiM,0.00435691
yiaF,0.003301548
ybeR,0.00435691
yneK,0.00592758
aXE.kduD,0.00435691
ftsY,0.010096264
ycfD,0.00435691
leuX.insC,0.010323162
ycjJ.ycjK,0.00435691
xanQ,0.00435691
yghU.hybG,0.00435691
asnB.nagD,0.00592758
citX,0.00435691
ydeI,0.00592758
ptrB,0.011787203
yggP,0.00435691
ttdA,0.006025711
hokA,0.00130613
ECB_01906,0.00592758
ybgI,0.007556424
nfnB,0.01090137
citE,0.00435691
yghG,0.00592758
ompA,0.009616857
ydcL,0.00435691
citD,0.00592758
yeiW,0.009218509
yhbU,0.00435691
fimC.fimD,0.01090137
recG,0.005156446
yojL,0.00435691
dkgA.yqhG,0.00435691
tdh,0.003167778
ydgK,0.00435691
insB.9,0.00435691
ynjE,0.00592758
baeS,0.016443726
ydiB,0.004428219
glyS,0.003579338
insJ.1,0.00592758
ydhY,0.014600835
insA.9,0.00435691
mipA.yeaG,0.006130004
ltaE,0.00435691
yciB,0.006247898
yegZ,0.020500848
insK.1,0.00592758
yebZ,0.009218509
ECB_01994,0.020624092
ECB_01989,0.017258393
insB.7,0.00592758
yobB,0.00592758
aer,0.00592758
ycjO,0.004080155
ECB_01990,0.018706704
srlD,0.00435691
insA.7,0.00592758
rhtC,0.00592758
yiaA,0.00463928
ECB_01991,0.021005902
metR,0.00592758
dhaR,0.008004144
muX,0.00435691
yfhM,0.009253719
xylB,0.004931145
gltA.sdhC,0.00592758
ECB_01993,0.02017919
gutQ,0.00592758
yegM,0.019217625
yehW,0.00592758
kdsD,0.009218509
tehA,0.00639878
ygaA,0.00435691
yegN,0.017731046
mglA,0.01123967
mtgA,0.00592758
acs,0.002409112
ECB_01995,0.019859111
yegO,0.018378422
cirA.lysP,0.00592758
rpiR.rpiB,0.009218509
yhbX,0.009048641
yegB,0.014304144
yeiE,0.00592758
yhbY,0.00435691
ECB_01997,0.018713391
fdnG,0.00592758
ascF,0.009477527
cysG.yhfL,0.00435691
ydiI,0.00435691
ECB_01998,0.014690393
ccmF,0.00592758
ygbK,0.00435691
b4479.b4403,0.003606233
btuE,0.00592758
ydiP.ydiQ,0.00592758
bax,0.003748215
ascG,0.006126699
yegP,0.019189415
fimG,0.020899646
ECB_02000,0.014666727
nikC,0.01201715
avtA,0.003630052
nikR,0.01430449
yjjV,0.007556424
ysaA,0.003649333
dsdX,0.00435691
ygdL,0.00435691
ada,0.00592758
ilvD,0.00435691
yiaJ,0.003649764
ydiH,0.00435691
yfcF,0.007556423
yceE,0.00435691
uspA.dtpB,0.00435691
ECB_02004,0.017974073
dedD,0.00592758
gshA,0.004375692
yiaL,0.002446344
ECB_02005,0.017812668
flk,0.00435691
ydhK,0.00435691
ECB_02006,0.015172417
yeeP,0.012598082
waaY,0.00435691
yoaE,0.007556424
yeeS,0.01430449
ECB_02007,0.018481241
hycD,0.00435691
yfcO,0.00592758
murP,0.00435691
ygcQ,0.00592758
xanP,0.004091296
yiaO,0.00359068
lyxK,0.012622626
ECB_02009,0.020421479
ECB_02802,0.012598082
ECB_02010,0.020176036
hycA,0.00435691
yafZ,0.01430449
ydiN,0.00592758
yigG,0.00435691
ypfG,0.00592758
ECB_02011,0.017791895
yffI,0.00592758
rXA,0.00592758
ppdB,0.004366177
sgbE,0.002920855
ECB_02012,0.019396607
celF.celD,0.00435691
argH,0.00592758
yeeT,0.012598082
lamB.malM,0.00435691
ygcR,0.007556424
nrfA,0.00435691
yeeV,0.012598082
ydiP,0.00435691
ygcS,0.007556424
cheZ,0.00435691
fecB,0.00435691
yeaW,0.00435691
speG,0.004353836
yeeW,0.012598082
yecI,0.00435691
fecR,0.007986893
glcB,0.007431605
ECB_02810,0.012598082
uxuA,0.018022655
ynfH,0.004331511
yfjM.rnlA,0.00592758
ECB_02811,0.012598082
yjiR,0.00592758
pphB,0.00435691
ECB_02812,0.012598082
csiD,0.00435691
yehR,0.00435691
yqcE,0.00592758
yfjR,0.00435691
ECB_02813,0.012598082
yehV,0.00435691
kefF,0.00435691
gudP,0.004116917
ECB_02814,0.012598082
qmcA,0.00435691
lhgO,0.00435691
ECB_02815,0.012598082
ydiA,0.00435691
ybcJ,0.00435691
zwf,0.008052506
agaC,0.005428278
yebA,0.006160052
ydjF,0.004403626
prfB,0.00435691
yebC,0.005606521
yeaD,0.00435691
livH,0.011177018
yggJ,0.00592758
ygjK,0.00592758
yeaK,0.00435691
ygjO,0.00592758
ybeX,0.00435691
ECB_02838,0.00592758
rpsE,0.00592758
plsC,0.00435691
kbaZ,0.00592758
ECB_02817,0.017797121
glcF,0.001748926
yfaS,0.008131876
gspD,0.003295459
trkA,0.00435691
yghU,0.007556424
uvrY,0.00592758
pabA,0.00435691
ptsN,0.00592758
ECB_02819,0.017736696
yeeT.yeeU,0.00435691
ybgF,0.00435691
aphA,0.00435691
ECB_02820,0.016330379
yjiW,0.011487375
yfbW,0.00435691
leuO,0.00435691
acpT,0.001555019
hsdS,0.015191591
uhpT,0.002717098
ECB_02822,0.017747535
ECB_02851,0.00435691
ycaD,0.00435691
insB.22,0.014875172
yqiK.rfaE,0.00592758
dacD,0.004380224
dgoD,0.00085112
insA.22,0.016322358
yhfS,0.00435691
ECB_02825,0.016306066
ygjH,0.00592758
yifB,0.005129704
trmH,0.004153542
ECB_02826,0.017736696
folP,0.00592758
yibL,0.004382824
ECB_02827,0.014823317
acrF,0.014690436
secB,0.006303344
yiiE,0.00592758
ECB_02828,0.017736696
insI,0.00435691
yghD,0.017736696
yghE,0.01630834
yrbK,0.00435691
exuT,0.007556424
ECB_02831,0.015774053
hyfR,0.00435691
yhfG,0.00592758
ECB_02833,0.014753292
yddG,0.00435691
fimC,0.015394145
ECB_02834,0.013302232
nuoJ,0.006592916
yjjG.prfC,0.007975932
ECB_02835,0.014519064
gntR,0.00592758
degQ,0.00435691
eutC,0.004355879
ECB_02836,0.016319754
yhdY,0.00435691
yejE,0.00777503
thiH,0.002820112
pheA,0.00435691
ygaU,0.004321732
purH,0.00435691
mtr,0.007074223
malE,0.004372397
acrD,0.007655052
aidB,0.00592758
celF,0.00435691
ECB_03460,0.00592758
hcaR,0.00435691
cysD.iap,0.00435691
glpC,0.005278718
basS,0.007586819
yjhQ,0.00592758
psd,0.004418102
ygcM,0.00435691
gspA,0.00435691
uxuR,0.018731932
adiA,0.003424534
dcuS,0.007580763
bglG,0.004296259
glvG,0.005976677
ygeD,0.00435691
ubiH,0.003855785
grpE,0.004387804
yieC,0.00592758
ydjR,0.00435691
accD,0.005620972
sgcR,0.00435691
astE,0.00592758
rffG,0.006305847
sgcE,0.00435691
gcvH.gcvT,0.00435691
topB,0.00435691
ygfI,0.00435691
panF,0.00777293
astD,0.00435691
sgcQ,0.00435691
sgcC,0.00592758
sgcB,0.00435691
yhfK,0.008291999
rtcR,0.00435691
fimB,0.004705734
ECB_04174,0.00435691
glcD,0.007844695
yecR,0.00592758
ECB_02855,0.00435691
fimI,0.011519669
yjhS,0.00435691
ugpQ,0.009218509
yjhT,0.00435691
ugpC,0.01090137
yjbB,0.005058838
fimF,0.012642065
ugpE,0.009218509
lysC.pgi,0.00592758
ygiY,0.00435691
insB.27,0.00435691
malE.malK,0.00435691
ugpB,0.006944384
phnI,0.00592758
insA.27,0.00435691
yhhT,0.012598082
gntP,0.015505877
livF,0.009218509
livG,0.009218509
nikA,0.008002831
livM,0.007084301
nikB,0.012606878
yrbG,0.00435691
cca,0.00435691
fumB,0.006688458
yjiC,0.012567605
livK,0.01090137
yjiD,0.012556244
yhhK,0.009218509
nikE,0.01090137
yihG,0.00435691
yjiE,0.015942814
tdcG.tdcF,0.00435691
ygcE,0.00435691
iadA,0.016520551
yjiG,0.01709555
yjiH,0.016970927
rbfA.infB,0.00435691
yhbH,0.00435691
ydjH,0.00435691
yhcC,0.004409627
yjjP,0.006084966
yjiL,0.018989256
yhhM,0.009218509
idnT.idnO,0.00435691
rplE,0.004375594
ECB_04148,0.00592758
ulaA,0.003847473
rplN,0.004355289
yjiO,0.016903218
yhbL,0.00435691
sirA,0.009218509
yhhQ,0.009218509
acrE,0.00592758
insA.28,0.012671761
dcrB,0.009218509
mdoB,0.001399338
yheM,0.004380704
insB.28,0.01237874
yhhS,0.008007364
rrfD,0.00592758
fic,0.003209897
nirB,0.004295927
nanK,0.00435691
gph,0.004376418
dcuD,0.00435691
rpe,0.004369838
damX,0.002263651
yhjQ,0.009218509
mrcA,0.003192601
yhiH,0.009218509
degS,0.00435691
yhgE,0.004370726
yhiKL,0.009218509
yicF,0.00592758
rplR,0.00435691
gspL,0.006140212
yhfA,0.00435691
yhgA,0.006116737
yhiP,0.009218509
yhiQ,0.009218509
kdgK.yhjJ,0.00435691
maf,0.00435691
yidJ,0.004717866
yibQ,0.002929741
yhiF,0.009218509
asd,0.004404237
hdeA,0.009218509
yhgN,0.004118482
gntU,0.002156186
yhiE,0.009218509
znuC,0.00435691
yhiU,0.009218509
yhiV,0.009218509
yhiW,0.009218509
frvA,0.006374038
gadX,0.009218509
coaA,0.00435691
amn,0.00435691
yjeH.groES,0.00435691
yjdP,0.00592758
frdA,0.002912281
hflC,0.00435691
yhjN,0.009218509
yhjO,0.009218509
mpl,0.00435691
yrdC,0.00435691
smg,0.00435691
lasT,0.00435691
creC,0.00525617
pckA,0.00592758
gapC,0.00435691
insA.12,0.00435691
insB.12,0.00435691
cybB,0.00435691
ilvA,0.00435691
fkpA,0.00435691
trmA,0.00435691
yhfV,0.00435691
hslO,0.00435691
ade,0.004330647
ECB_03279,0.00435691
aslB,0.0043776
yigF,0.004320839
rarD,0.004318744
cspA,0.00435691
phnK,0.005044894
dcuB,0.005290063
yjeK,0.004402865
alsB,0.00435691
rpiR,0.00435691
rpiB,0.00435691
phnP,0.00435691
phnO,0.00435691
phnN,0.00435691
phnM,0.00435691
yjfC,0.004444356
phnL,0.00435691
phnJ,0.00435691
phnH,0.00435691
phnG,0.00435691
phnF,0.00435691
phnE,0.00435691
phnB,0.00435691
phnA,0.00435691
yjdA,0.00435691
yjcZ,0.00435691
basR,0.00435691
yjdE,0.00435691
melR,0.00435691
melB,0.00435691
yjdF,0.00435691
