"genome_site","probability"
"Tem_normal",0.490199796769771
"Tem_low",0.444799709044771
"ybcS",0.00016822174908012
"proV",0.404818498396619
"acrA",0.00569765974642787
"evgS",0.0020079939707883
"topA",0.000415472186425211
"mrdA",3.35782693250742e-06
"araJ",0.286044622386506
"pcnB",0.294334092942528
"thrA",0.156784162641017
"gyrA",0.00803019634347857
"mrdB",4.19656475089001e-06
"mokC.nhaA",9.03264266218612e-07
"yaaH",1.22959883302588e-08
"ybaL",0.000155577306949275
"cls",0.000121178816616579
"murE",2.01468375155902e-07
"ompF.asnS",9.87942566705661e-07
"ftsW",0.0014094635953489
"dgt",0.00619748076649717
"secF",0.00525254006073429
"ECB_00212",9.08454161484276e-11
"cyoA.ampG",0.261406235544888
"lon.hupB",3.58240263643311e-07
"mraZ",3.02786298413098e-05
"yahA",0.485593601921826
"fsr",0.321110282640217
"frmB",0.40526318570795
"ylaB",3.10552308884222e-07
"nagD",0.00151974888569384
"tig",0.000948221587959471
"sbcC",0.00117383610377122
"ykgE",0.121959496463348
"yahG",0.474153338549428
"polB",5.66325969940689e-06
"kefC",0.425806776884476
"pdhR",5.66300344476308e-06
"gltL",3.73907375128087e-06
"dnaK",0.443753991753319
"hfq",0.702029874061833
"menD",0.633265339271982
"dnaJ",0.000675089363853529
"lpxC",0.000911763524347827
"hepA",0.307662812629144
"sgrR",0.00900517628414114
"insL.1",2.26108524108277e-08
"spoT",0.173646539203686
"yfbV.ackA",3.41067978984193e-06
"ydcD",0.00631325472972374
"mokB.trg",2.15874535843963e-08
"rlmL",0.609568594757835
"glpK",0.459547499063565
"rpoS",0.11146489984442
"mdtG.lpxL",2.01198185019722e-07
"mglO",9.08534505100713e-11
"rpoA",0.108423593644545
"proX",0.00296219029397725
"COG0428",9.0872525570068e-11
"miaA.hfq",9.03512331960472e-14
"lpxM",0.00296216105947283
"yecC",0.00296219029397725
"mglD",8.96249258132918e-11
"can.yadG",0.608801561271443
"ycaQ",0.000674310191882347
"csgD.csgB",0.531076511307041
"xapA",0
"yciW",0.414225226303207
"araA",0.242017641440958
"acrB",0.149844287633698
"groL",0.148169351204137
"plsX",0.000503369428578491
"fucO",0.406102117334084
"yoaA",0.586055575686019
"hflK",0.309358562875416
"aroA.ycaL",0.00101563821192428
"ycdR",2.56764792266881e-08
"uvrB",0.162751903916671
"nuoF",0.00103939934549639
"gatZ",0.0707109547198933
"srlR",0.528830513364172
"arcA",0.127562075288169
"yffN",0.0108887428555871
"gatC",0.628879388572457
"ydaV",0.0108832395920275
"garK",0.852100395061847
"rpoB",0.37876288393747
"udhA",0.628889805760988
"marR",0.00475661550192955
"acrR",0.000146493754441983
"fis",0.0365082490627021
"manY",1.99546815364284e-13
"kefC.folA",9.37547028576613e-08
"polA",0.426114589367705
"pyrE.rph",0.859140457955964
"kdpD",0.437132036195586
"flu",0.207903897223616
"adiY",0.000342969300884088
"rpoC",0.33848026146841
"cbpA",0.00619515262949954
"lpxC.secM",0.566706662385196
"pykF",0.134046004826312
"rne",0.544163002349951
"ahpC",0.00141123651483414
"clpX.lon",0.00266008297389959
"fusA",0.00385613736581414
"potD",0.000341838577956515
"rph",0.056868507090806
"rplD",9.19972968289945e-08
"rplB",2.00553898351197e-10
"acrB",2.62385808973564e-05
"ylbE",2.73616001063025e-05
"fis",2.29525203579389e-05
"folM",2.30708422538221e-05
"acrR",2.60324307244324e-05
"ompF",0.330371474330762
"ompF",2.00548047204672e-10
"pgaA",0.732854305959398
"mprA",2.30699308296665e-05
"gyrA",2.17859294069004e-05
"ftsI",2.29538856554334e-05
"ompR",2.91404806742266e-05
"yaaJ",0.709131267567616
"folA",9.22854212148535e-08
"fusA",2.83804603091713e-05
"envZ",1.61262993022308e-05
"rpsE",9.25508928036412e-08
"cyoA",2.29532019720964e-05
"dcp",2.00654927589933e-10
"ylbE",0.441793028056384
"trkH",0.000552590978421212
"atpD",4.41953026347601e-09
"eutB",2.25692899215326e-11
"atpG",0.000173664752788306
"argS",0.000278002081498228
"arnC",2.25695163389676e-11
"nhaR",2.49161170085481e-11
"ppsA",0.791983920340058
"crp",0.29693168008664
"relA",0.450363645559538
"nusA",2.84916555393244e-07
"rho",0.0164209501842312
"argR",0.000990169718065634
"entD",0.150515310666075
"glpR",0.000190452017416915
"ydhA",5.67492610238652e-06
"ECB_02832",5.67629565656214e-07
"ycdT",0.127961481746785
"dacA",0.00130296820383253
"yddB",0.548219969130497
"yneE",0.00172711286445481
"fabF",0.00129685365743176
"proQ",0.199955940584325
"envZ",0.0188823747470294
"acnB",0.444042831285297
"ybjG.mdfA",0.00144019957128732
"yeeP.isrC",2.25654631879195e-11
"ydeE",0.00067357437137922
"ftsI",0.223876432616745
"rob",0.00100011771529106
"xdhB",0.270410431240928
"mlaD",4.15330320572358e-09
"rbsK",2.08321875594229e-05
"parC",0.000451913837425051
"hydN",0.000673587565069764
"ompR",0.00063504271822935
"ccmH",0.00141468998952061
"cpxR",0.00623120031241459
"ypjC",0.00129667800842446
"yegQ",1.56656257167883e-05
"tufB",0.00129680905125938
"gtrS",4.24083640678044e-09
"pgsA",0.000173916532828286
"phoQ",0.00125183867340244
"ynfL",0.345262225773393
"nagC",0.581630264821408
"yedW.yedX",2.27258956175311e-08
"rbsA",0.00340373701757742
"ldrC",2.14662985232607e-08
"yabN",1.99558722090873e-13
"ykgK.ykgL",1.6013307012737e-08
"yaaH.yaaW",8.99065915039555e-11
"ECB_01992",5.16910370488312e-06
"mdoG",5.66325969940689e-06
"mreC",0.0433037980528712
"sbmA",0.0382142959625348
"ECB_00825",1.99297149328824e-13
"tesB.ybaY",3.13789535495226e-06
"cpsG",5.46628237728521e-06
"aroP.pdhR",0
"rssB",0.00010137503906383
"ybhI",0.413609375302892
"rluB",2.0127388508037e-07
"dnaX",0.473356545660866
"ylbH",0.323624067832892
"sucB",5.66300344476308e-06
"rpsA",0.24696823669072
"ybhJ",0
"yccE",0.425806776884476
"gabD",1.68589321811917e-05
"rbs",2.16908851930728e-08
"ynjD",0.286147343606704
"yceA",0.425867493099359
"ycfH.ptsG",9.09453017613603e-11
"rna",1.87836092098352e-08
"galS",8.9188764601639e-11
"ptsP",0.652384306785451
"rssA.rssB",0.0014094635953489
"yejM",0.00101302095215749
"slyD",0.0010166077820731
"fnr.insH",2.27166214632327e-08
"mfd",0.530605704470698
"metL",0.0952928257472929
"gyrB",0.00045134241771912
"secA",0.310531842195443
"hybB",9.05376263638434e-14
"mdh",0.000656184547579545
"hrpA",0.294488933144056
"prpR",0.000674444586714497
"aroP",0.0229177887947733
"ybeB",2.2701141897701e-08
"ymdC",0.000868303074979532
"ynjI",0.0345148647621566
"dcuB.dcuR",9.32828352837484e-05
"focA.ycaO",0.832163012933455
"gatA",9.32750604565807e-05
"gatY.fbaB",0.0316313856292533
"pntB",0.0135863780657239
"fruK",0.183440106099377
"isrC",0.0136095944820565
"cmr",0.443751537514975
"yedX",0.235379888469708
"pgaB",0.662179229450472
"yfgF",0.014480823231435
"hns.tdk",0.489664392503204
"yfbM",9.35479861255907e-05
"dgsA",0.305758197913455
"fucI",0.338869958151096
"ftsX",0.000725540068012314
"msbA",0.00020644162431394
"mhpB",0.000674616529130502
"wzzE",0.647281415024915
"ogrK",1.64913979886257e-05
"nudE.yrfF",8.86045052554669e-14
"potA",8.91801892470455e-05
"wzc",2.00549033183271e-10
"folP",9.22945165100487e-08
"marR",2.06993544581541e-05
"envR",0.425987188755872
"ydgI",0.48593522360916
"insK.glyS",0.234926707294577
"yaiT",0.0303073177074434
"rpsL",9.22927134779617e-08
"arcB",0.00131046100636238
"ispF",0.000673739224325414
"cyoB",5.57371826494037e-09
"fliC",8.89425522970438e-06
"cpxA",5.57371826494037e-09
"hemA",1.99297149328824e-13
"ispA",1.98888251938273e-16
"thiQ",0.00296375738901526
"cyaA",0.589750106867453
"kdtA",0.0226216681941801
"pdxB",0.780412748519509
"acpP",0.60909181996874
"feoA",0.000673898583450435
"flhD",1.99546815364284e-13
"lldR",0.257560287636236
"nadR",0.00489317246287146
"ilvB",0.00129683480622948
"purF",0.383745459900176
"pitA",0.000274694953153706
"yifN.ppiC",1.98847589395377e-16
"alaS",0.000673580931575315
"ycjF",9.0872525570068e-11
"soxR",0.000685729085153275
"ycbZ",0.00318067482710152
"yjjK",0.00016029474611098
"dcd",0.000673543913429471
"yfiE",2.25692899215326e-11
"rplF",0.00113329459499284
"rpoD",0.0890196205517424
"rimK.ybjN",0.000673547222624406
"mprA",2.18602742736469e-11
"nfsB",5.76941204352333e-06
"ybhF",1.98847589395377e-16
"emrB",0.000738841194619669
"ybbA",0.000452637790964927
"tsf",2.25695163389676e-11
"atpA",1.58970303645022e-06
"marC",0.000643775599038691
"yjjM",0.475376755847804
"insL.lon",2.27025025103284e-08
"ybcQ",1.8977250831694e-08
"insL.2.lon",2.27258956175311e-08
"setA",4.38913678202855e-09
"insB.1",1.25305264904478e-08
"ECB_01996",3.62842550008188e-07
"pflA.pflB",1.99297149328824e-13
"ybiW",2.00549033183271e-10
"ynjA",5.66300344476308e-06
"ogrK.ECB_02013",1.72914574364147e-06
"entF",0.461797166954696
"thrS",5.66300344476308e-06
"ECB_01513.ECB_01523",4.55472128082247e-06
"gspF",5.66300344476308e-06
"hokE",0.514562711846032
"pta",0.0344175634351436
"ECB_00736.ECB_00737",4.39746174858229e-06
"nth.ydgR",4.55472128082247e-06
"puuP",0.000673074614897378
"hyfG",0.425681820013164
"ydcU",1.99546815364284e-13
"ybeA",5.66300344476308e-06
"ybjE",2.18918894276902e-06
"ECB_01413",1.99546815364284e-13
"ydiJ",0.36435669355152
"murD",1.40581912596349e-08
"valS",0.00140855147838375
"bamA",0.000351406426746083
"cusA",0.149220645623752
"proA",0.0622925209101363
"yagR",0.705373417653624
"ptsG",0.00140978589362081
"ytfT",1.99546815364284e-13
"serB",5.66612353917491e-06
"dapF",0.852389452837667
"sapB",8.75729597109928e-11
"malT",0.00109630702544103
"fhlA",0.00141132097914575
"holE",0.00141123651483414
"frvB",0.00141123651483414
"yfgO",0.000351209278611973
"rrlD",0.364425010589336
"tpx",2.24802179521648e-11
"atoS",0.0135696962108666
"pntA",0.496329160929328
"ispU",0.0108892223337122
"htrE",0.690130594287205
"corA",0.638449050590135
"ygeW",0.0261842647341479
"prpE.codB",0.0204753129431109
"gcd",0.744247095554167
"ygiC",0.757492792001448
"ycaL",0.782236871377938
"treA",0.447334609763943
"spr",0.00324073415450041
"ygaH.mprA",0.00935464814567405
"yiaW",9.03433081706626e-14
"yhdJ",0.360516432268797
"trkH",2.82013205241853e-05
"clcB",0.00608897075384276
"folM",0.645640115175325
"pepT",0.543975653908247
"yaiV",0.000865498711891438
"eptB",0.0247991819836076
"iscR",2.00654927589933e-10
"fimD",0.000398808234377297
"hybF",2.25692899215326e-11
"leuS",0.000452633231757873
"mdtO",0.000686730852695251
"gntK",0.611454104762727
"ykfH",2.74039852587313e-05
"bglJ",0.35604050358276
"nadB",9.60805465525827e-05
"ilvG_1",0.659698718478806
"ydjO",0.31318506991898
"infC",0.60909181996874
"fepA.fes",2.69965467433771e-06
"mreB",0.027882724782562
"metA.aceB",0.00100451690425416
"pyrB",0.361769586591766
"ompC",0.00333264195192733
"rhlB",0.160778802004004
"narG",0.00115855485943845
"rpsL",0.000413720514412578
"yaeH",2.25692899215326e-11
"yffS",0.578259442859046
"yabP",0.318094454985293
"parE",0.651631315835228
"kbaY",0.000274743626085964
"ygbE",0.000673580931575315
"carB",0.000673537250818666
"yghA",0.28279256781273
"rhsB",0.0228339403859225
"yegI",0.000744865032148768
"yghJ",0.00074621487602983
"fadE",0.0157282978341056
"leuA",1.25305264904478e-08
"tilS.rof",9.00000036350285e-11
"motB",5.66300344476308e-06
"vacJ",5.66325969940689e-06
"gltI",0.00113262030074008
"ycbS",0.00147605240392905
"glgP",5.32277108582276e-05
"yehU",0.0179791751909329
"pitB",0.00619748076649717
"kpsD",2.19194473256383e-06
"yeeN.asnW",2.75096286145109e-06
"aspC.ompF",0.00112207618481688
"pck",0.425806776884476
"ECB_02798",1.31316133550805e-06
"wbbD",3.68441825695823e-07
"ECB_02821",2.77681802529778e-06
"flhA",1.99546815364284e-13
"manZ",0.45480043470836
"ydgR",5.66300344476308e-06
"ydbD",0.620528534213545
"yfhK",3.72842321646538e-07
"yigE.corA",0.00117426719950536
"acrD.yffB",5.66300344476308e-06
"dnaG.rpoD",0.000267389485051844
"infB",4.27822326744649e-06
"ydeJ",0.425811511365792
"ECB_02003",5.10987823427929e-07
"yeeJ",0.47269503737375
"ppk",0.280270526396245
"ansP.yncG",1.99546815364284e-13
"yneH",5.66325969940689e-06
"ybbP",0.432655072664044
"aroL",1.52812142754345e-06
"ftsK",0.290855760578393
"eutA",9.0872525570068e-11
"ihfA",0.0759884478453272
"fepE",0.566633131875455
"ravA",0.00180498967010387
"iscU",2.24802179521648e-11
"oxyR",0.0007364768297069
"fabR",2.18467627145774e-06
"ygbM",2.69735358663518e-08
"ynaI",0.426119324731626
"rep",0.598229147388479
"bipA",1.99546815364284e-13
"rplD",0.769740630054963
"ydeK",9.35479861255907e-05
"yfjL.yfjM",0.296796334199993
"ygaZ",0.518825784196279
"matA.ykgL",1.80999486259849e-05
"yeeL_2",2.00654927589933e-10
"waaK",0.0204753129431109
"psaA",0.0251880336643962
"typA",2.01444641799545e-07
"iap",0.670521315009881
"putA",0.354747414886852
"rpsJ",0.40626258010799
"mppA",0.000276205025531156
"rlmE",0.000737142024549581
"yejM.proL",0.000674586024087867
"aldA",0.698297175214485
"barA",0.581607591930068
"atpB",0.00569779925811438
"ydgC",0.0115771622876684
"nmpC",0.00414321925769156
"ampH",0.00154106361231189
"narZ",0.733269498562652
"yjjA",9.19937103298965e-08
"kgtP",9.04578492894288e-11
"purE.lpxH",2.49161170085481e-11
"csdA",2.00651059132986e-10
"opgH",2.32061521421278e-06
"dacB",0.000673543913429471
"rapA",5.57371826494037e-09
"arpB",0.000673547222624406
"rpsF",0.000673547222624406
"phoP",0.00129682841041203
"yhhH",0.419859660156457
"glmU.atpC",2.53008880567147e-08
"yhdG.fis",2.69379233213329e-08
"caiA",1.99546815364284e-13
"fadL",0.000665157029224351
"phoH",0.228632987357291
"glnD",2.52027025954147e-08
"yaeL",1.25305264904478e-08
"yabN.setA",9.10737975719169e-11
"ddl",9.04414408598186e-11
"yecP",1.99546815364284e-13
"tldD",0.36051529377623
"ECB_02008",4.38913678202855e-09
"ebgA",9.11689827572644e-11
"mntH.nupC",3.50900728281554e-07
"sufD",0.410663985486792
"manX",0.275078272960348
"sdaC",5.66300344476308e-06
"glpT",0.00165519532774493
"truB",0.40526318570795
"pbpG",0.280270526396245
"glpG",0.000881101180627971
"glpF",0.000778858881437029
"rpoH",0.142984512262792
"znuA",5.66300344476308e-06
"ECB_02804",1.37178220591596e-06
"dinG",0.000630638556093935
"atoC",0.00207767475274757
"yejA",0.210273372937658
"iclR",5.72855176243996e-06
"deaD",0.570409164086139
"crr",0.609297209404166
"dhaM",0.294224389781513
"recO",9.0872525570068e-11
"yeaH",0.234400627531005
"cobB",0.000991266686836436
"ybdN",0.00141123651483414
"lsrD",0.00140491760544028
"nth.tppB",0.608711515140091
"rhtA",9.00391057932838e-11
"pgm",0.00154618318103448
"glnE",0.579947727750075
"mioC",0.426445187524612
"uhpA",0.02291745852086
"uvrA",0.198081561798932
"uidA.uidR",2.27021691451503e-08
"menC",0.00179903954884567
"insB",2.03474862975726e-08
"yobD",0.608840661379703
"clpA",0.682671591468048
"rffE",0.733291241964584
"adhP",2.00651059132986e-10
"wcaA",0.852388218385949
"yeaR",0.732639854282502
"pgl",0.532352322231414
"ydfI",2.0127388508037e-07
"yjhV.fecE",0.014480823231435
"mutT",0.754940146656949
"yhhZ",0.630784318781912
"ydhZ.pykF",0.728317247041115
"yhjK",0.0623121779721458
"abgB",0.732696582139653
"rstA",0.42599319979719
"cra.mraZ",0.000866441461825693
"mtlA",0.315943153134289
"nuoL",0.166703468369925
"ribD",0.00300299657124535
"bglF",0.247973129997223
"ydcI",0.60909181996874
"galE",2.49161170085481e-11
"idnO",0.404997556725356
"alr",0.00067357437137922
"aroK",0.00117360585796344
"pnp",0.255062344766087
"ahpF",0.262367935167759
"marA",0.000641188867476048
"yrhC",9.04414408598186e-11
"kup",0.0964770657559343
"rpsM",2.0389558052267e-08
"asnB",1.99558722090873e-13
"yagU",1.25305264904478e-08
"djlA",1.99546815364284e-13
"nupC.yfeA",2.4590834599177e-06
"fadH",0.0015909811545493
"wzyE",0.00619748076649717
"tktB",1.99297149328824e-13
"yifB.ilvL",5.49097337815172e-06
"glmS",9.67633382823895e-05
"ppiA",0.609065978061696
"wbbC",3.68441825695823e-07
"yqeA",4.94088615854773e-06
"yfcI",1.99555804679436e-13
"uspA",0.0207522481994606
"dnaA",0.000333682224400141
"ECB_02002",1.21316215878849e-06
"yedW",5.66300344476308e-06
"lysP",0.425681820013164
"yfeY",0.00141239240376572
"ygcN",0.425681820013164
"tap",5.66300344476308e-06
"dusB",0.228533352846506
"wcaI",0.425681820013164
"napA",0.360637084011951
"frmR.yaiO",0.177366612431675
"mreD",0.0198406355569475
"prc",0.00117360585796344
"endA",2.18958790716765e-06
"murA",5.84745465169662e-06
"trkG",0.530789774513456
"mdtJ",0.00296223366278187
"ybeF",0.00306733032206035
"ygeH",9.0872525570068e-11
"modE",0.00296219029397725
"fliF",9.00391057932838e-11
"yehA",9.0872525570068e-11
"manA",0.417605273300895
"lhr",0.287659717723865
"rhsC",0.544663510159983
"cadA",0.314781482772946
"ycfK",9.05376263638434e-14
"ftsE",0.000342187721857637
"kup.insJ.5",1.21262481344416e-08
"rbsD",2.61900762019595e-08
"rtcA",1.98920730171279e-08
"rfe",0.670508014702899
"glgB",0.426114589367705
"yqeG",0.611406016705425
"yjiV",0.00933455447912807
"mgtA",0.698553790744343
"flgK",0.633684124418
"acs.nrfA",0.000642248964634528
"nagA",0.0136003812395047
"panB",0.0108892355876195
"yeaG",0.60897595370214
"rstB",0.00154541700741746
"thiP",0.733191271539051
"yaiW",0.000865498711891438
"oppF",2.25692899215326e-11
"nuoI",2.25695163389676e-11
"yjbM",0.0226005513278573
"amiD",2.49161170085481e-11
"mipA",1.99546815364284e-13
"fepA",0.598256497317335
"yhhI",5.62334849846772e-09
"nirC",2.03901799538867e-08
"narI.ychS",2.27258956175311e-08
"ybjN.potF",2.27258956175311e-08
"ytfN",2.16967570811399e-08
"greA.dacB",0.526691507498036
"glgC",0.017095452638017
"ECB_01999",7.21232666323495e-07
"gor",0.0211907699692463
"rrlB",5.66300344476308e-06
"metH",0.00245477271156527
"amn.yeeN",0.425681820013164
"proW",0.254808620842034
"yraL",4.54857860044976e-06
"yggG",9.26527153696541e-05
"speB",0.0056978257724559
"ygfK",0.00101532306383254
"dctA.yhjK",5.49870724299129e-06
"gltB",0.00182032793764449
"nuoM",5.66300344476308e-06
"uraA",0.360633713102533
"glgA",0.182633178612524
"gspG",5.84745465169662e-06
"yhiO.uspA",4.97156578240352e-06
"ECB_02512",4.34428997728493e-06
"yhiM.yhiN",5.66300344476308e-06
"fhuA",0.42612565485623
"emrD",0.408061984804817
"ydgJ",9.0872525570068e-11
"bcsC",0.0504234358604955
"glnS.ybfM",0.00141123651483414
"ycbV",0.00296219029397725
"guaB",0.00140489031877587
"yeaN",0.00115799109457212
"cydB",1.98959707447625e-16
"rpsB",2.01198185019722e-07
"hscA",2.24802179521648e-11
"fxsA",2.2701141897701e-08
"abrB",0.313161618384319
"citG",0.00179971402268439
"potC",9.35479861255907e-05
"ibpB.yidE",9.22571236263256e-08
"yjiK",7.90203662018638e-06
"yeiH",3.10977979230677e-07
"yfdI",0.00745116606268147
"ybiO",0.00899841386132146
"ynfM",0.42599319979719
"murC",2.00549033183271e-10
"gltX",0.470930810239909
"fhuB",2.00653966824367e-10
"osmF",2.00549033183271e-10
"pncB",3.20261745533917e-07
"sspA",0.0935566125432807
"lepA",2.0127388508037e-07
"fadJ",0.00401600401596956
"narU",0.345003776936287
"fes",0.40480759591267
"yhhJ",9.01277265560347e-11
"hslU",5.15671141119661e-07
"ldrC.chaA",1.73499834902082e-08
"ybjD",0.724156085544211
"araE",4.73501977921926e-06
"purL.yfhD",4.73501977921926e-06
"ygdH.sdaC",0.000674475428484645
"hycE",2.27258956175311e-08
"yhiO",2.18918894276902e-06
"rplU.ispB",5.84745465169662e-06
"malQ",0.280633653892408
"rtn",5.66300344476308e-06
"yjaH",9.04981374881493e-11
"hypE",5.8478066938674e-06
"yicC",0.470171349981653
"ECB_02800",5.66325969940689e-06
"yiaG",1.99546815364284e-13
"atpF",0.000673074614897378
"sufI",5.66325969940689e-06
"ygaF",0.00141123651483414
"ydjE",0.384974079725097
"lpxK",9.0872525570068e-11
"ybjL",0.457481888253575
"yodB.serU",9.0872525570068e-11
"rrmA",0.00141123651483414
"yhhW",0.0352143634284592
"cdaR",2.00651059132986e-10
"nuoG",0.450562176413561
"rbsC",2.41437499600495e-08
"cspC",0.105080122266796
"asnS",0.803633985416405
"dapB.caX",9.26527153696541e-05
"cysK.ptsH",9.26527153696541e-05
"hrpB",0.0213229334935021
"treB",0.22844515943919
"yeaP",0.60897595370214
"ylbE_1",2.60862271684557e-05
"elfC",2.49161170085481e-11
"aroH",0.255049992471222
"speC",2.25695163389676e-11
"rbbA",0.733291241964584
"rbsB",2.53522840314116e-08
"insL.2",1.40564835623392e-08
"yjaG.hupA",1.99555804679436e-13
"treF",0.047229961760544
"ygaD",5.66334285987131e-06
"atpC",0.40526318570795
"yjcR",5.66325969940689e-06
"dapA.gcvR",5.66325969940689e-06
"ubiB",5.66300344476308e-06
"yhhF",4.97156578240352e-06
"cusC",0.406904935362239
"orn",0.00619748076649717
"kch",0.426130390251812
"yjiN",0.00168303235860538
"melA",0.00141123651483414
"selA",0.000523942267227759
"asmA",9.00391057932838e-11
"fruA",9.0872525570068e-11
"insH",3.10590326883406e-07
"yraK",0.0010166077820731
"glf",2.69823290352213e-06
"cfa",0.444374702648557
"lrp",0.000639376629446105
"yobF",0.780340464194158
"gst",9.35479861255907e-05
"perR",0.591116473721076
"yfeA",2.01198185019722e-07
"ydeM",0.733221081791192
"borD",2.02154759228043e-05
"ggt",0.000270412583599291
"zntA",0.103044027848786
"ybcM",0.426119324731626
"yqaB",2.07313203011698e-05
"sfmD",0.426129214198691
"nuoE",0.000686737768260971
"yhiI",0.0045199459657661
"murF",0.629536254391822
"yaeJ",0.000675058837444534
"poxA",4.55472128082247e-06
"glpE",0.174053005369884
"yjeH.groS",1.99371358075466e-16
"uvrD",0.361253679013344
"yjhC",5.66300344476308e-06
"argE.argC",0.000327331391791216
"yjcF",5.21541352086183e-07
"yraM",0.425806776884476
"glgX",0.47269503737375
"ybhN",2.00834968277331e-10
"arnT",0.426119324731626
"yjgQ",0.00162763888372219
"udp",0.00296374317803893
"yneF",9.0872525570068e-11
"fabD",3.5971715017092e-06
"yicH",2.93067311165654e-06
"wecH",9.0872525570068e-11
"yhbW",1.99327023690234e-13
"fepB",1.99546815364284e-13
"pstC",0.000342291461662269
"yebO",0.636026086154226
"ycjM",0.000351209278611973
"yiaN",0.733291241964584
"evgA",0.313181128239033
"katE",0.754844171475075
"ydgD",0.42599319979719
"ybcV",2.02154759228043e-05
"ybhG",2.25692899215326e-11
"gabP",0.380147685059856
"sfmH",0.426118148686367
"ycdY",2.49161170085481e-11
"yihQ",0.00127365425287109
"ycfQ",0.000672693804267525
"yhiJ",0.0623133245101992
"rbsR",0.000332828178001798
"hsdM",1.12452605828131e-08
"ydgR.gst",1.54782964273402e-06
"cusS",0.0349116867429915
"yafE",0.000883740204088918
"nrfG.gltP",0.00105333446263793
"lptB",1.99327023690234e-13
"dppD",5.66300344476308e-06
"ECB_04076",5.66300344476308e-06
"yjeP",0.426114589367705
"ECB_00624",4.73501977921926e-06
"adhE",0.000358567529930689
"yjiPQ",2.87631547186484e-07
"uxuB",8.3049196627868e-06
"idnR",0.00296219029397725
"fadD",0.0010166077820731
"gltT",0.00141130028445432
"yeeE",0.000342307015039219
"ybaK",0.000673952354227019
"yhiD",0.000342187721857637
"maeA",0.00200638770376801
"osmE",0.754844171475075
"rrsG.clpB",0.566706662385196
"yaiY",8.59679114575365e-05
"ybcW",0.00416521326403914
"ygbN",0.00101666892441076
"csgC.ymdA",2.49161170085481e-11
"hypF",1.9771270103983e-08
"ptrA",0.00129685349022485
"cyoC",2.25695163389676e-11
"yhiL",1.9884856701381e-16
"yieO",0.00116259222823509
"ebgR",2.27258956175311e-08
"rnd",0.294224389781513
"gltA",1.57093537670472e-05
"ECB_00512",7.67505842908167e-09
"ybaJ",9.10737975719169e-11
"metA",0.00900517628414114
"rpsC",5.66300344476308e-06
"hsdR",1.82722780915322e-07
"rhsA",0.0919030431666118
"aspA",0.485593601921826
"bcsB",0.535341879167557
"recE",0.000869241482643691
"mukB",0.54397812037407
"yecN",0.0010166077820731
"galF",1.06335499419965e-05
"rhsD",0.31268234690031
"exuR",0.00141130028445432
"sppA",0.0382859482618452
"hcr",2.00651059132986e-10
"nlpI.pnp",9.05376263638434e-14
"yobH",0.608851437756432
"tqsA",0.00265570693482702
"yedE",0.709241747614912
"fadL.yfdF",0.482428436488331
"yaiZ",8.59679114575365e-05
"mutS",0.397037961577585
"grxB",2.49161170085481e-11
"bglX",0.319157123517164
"plaP",2.25695163389676e-11
"yhiM",2.12075468052369e-08
"nmpC.ECB_00513",2.27258956175311e-08
"sdaA",0.426119324731626
"infA",4.38913678202855e-09
"thrS.arpB",2.26108524108277e-08
"dsbG",2.26101839451395e-08
"actP",0.360633713102533
"yjcC",0.425811511365792
"IS1_insB.ESCRE4497",5.49183573110025e-06
"ECB_04210",1.99555804679436e-13
"mak",0.444008731294756
"ycbB",0.000869241482643691
"allD",0.670518056533981
"mcrC",1.82827565677733e-07
"malI.malX",0.00141123651483414
"glnB",9.0872525570068e-11
"narH",9.0872525570068e-11
"gadA",0.000281332470014135
"asnU",1.99327023690234e-13
"glxR",8.96249258132918e-11
"pflB",0.405568315402812
"kdgR",0.608840661379703
"speF",0.698373126187414
"rcsC",0.709241747614912
"ddlA",0.0977436367141168
"lolC",0.663567012087239
"lolE",2.49161170085481e-11
"yhiN",9.04414408598186e-11
"citC.gatZ",2.27258956175311e-08
"rrlA",0.000128045777706611
"narP.ccmH",1.99558722090873e-13
"pheS.pheM",1.26108886203176e-08
"gltL.insJ.2",6.47540189940054e-09
"gcl",0.0123406789940193
"yjhA",4.34428997728493e-06
"yjgN",0.425806776884476
"ampG",0.235398002869578
"prpD",0.000675089363853529
"ynfF",2.29774117520586e-05
"uvrC",0.000948221587959471
"yfhG",9.0872525570068e-11
"hycB",0.00141132097914575
"nikD",0.000281332470014135
"pepN",1.99293247375456e-16
"yiaK",9.05376263638434e-14
"ygcU",0.629273310969384
"proP",0.338842466475785
"mltB",0.381973712199777
"yqiK",0.761521630403138
"iraP",0.0298567567653992
"dnaE",0.311040835787548
"ymfD",0.535966299474623
"treA.dhaM",2.49161170085481e-11
"ccmB",0.255061406465917
"ECB_02200.nuoN",1.73499834902082e-08
"ECB_02013",1.26108886203176e-08
"ykgF",9.10737975719169e-11
"cysQ",0.000672697123993969
"cynX",0.000657297827571035
"kefA",0.000451888111931598
"ydbH",2.49161170085481e-11
"yniA",9.10737975719169e-11
"yeaI",0.426119324731626
"csgG",9.10737975719169e-11
"nagE",0.000948221587959471
"fabG.acpP",0.00141123651483414
"yrfF",0.00260887284801913
"yjaB",0.00296374317803893
"phnC",0.000467477441898451
"yjhP",0.000948221587959471
"rfbA",0.00388052934832203
"gatY",1.99739093566412e-13
"ygcE.ygcF",9.35479861255907e-05
"cysI",0.384187806842655
"araG",0.394988325987971
"astB",0.60897595370214
"phoA",0.020551057657699
"ldcC",0.405568315402812
"uspB",2.00651059132986e-10
"yadG",0.670508014702899
"rihB",0.000675364903754217
"yedV",0.193640540237101
"tolR",0.0094642945974727
"tauD.hemB",9.10737975719169e-11
"ybiV",5.66300344476308e-06
"lacI",0.609076752216646
"yeaJ",0.426119324731626
"aspS",0.361363559949517
"kdpB",0.426114589367705
"fnr",2.29773012522712e-05
"dppF",1.99546815364284e-13
"ycjT",0.00141123651483414
"yieG",0.0010166077820731
"yjdL",0.290966262476171
"yrbD",0.0010166077820731
"cusR",0.320285306874539
"ychM",0
"ygeY",9.35479861255907e-05
"ydgH",0.00594748864338789
"pepD",0.00129617302204839
"psiF",2.05299235804656e-11
"malP",0.235474129446278
"narX",0.426119324731626
"chbF",0.383745459900176
"mutL",0.491788133449318
"smp.serB",1.8977250831694e-08
"insJ.3.cysH",2.27258956175311e-08
"lysQ",1.25305264904478e-08
"ybgQ",9.10737975719169e-11
"ydcM",2.00653966824367e-10
"yeaM",0.000673921879197019
"dgoT",0.384858634975666
"ydcF",0.00141123651483414
"cutA",9.0872525570068e-11
"rplJ",9.0872525570068e-11
"rpoN",0.0010166077820731
"ycgB.dadA",1.99327023690234e-13
"yhfZ",0.000673921879197019
"cynR",0.60897595370214
"adrA",2.05299235804656e-11
"ycgG",0.426118148686367
"nrdG",9.10737975719169e-11
"manB.cpsG",2.27258956175311e-08
"tdcR.yhaB",0.608990225364486
"ynaK.ECB_01341",4.38913678202855e-09
"ybiX.ybiL",1.25305264904478e-08
"ruvB",2.27255619088469e-08
"torZ",1.99546815364284e-13
"ynbC",0.750981953744708
"yjiJ",0.0129699503521499
"gspE",0.00141123651483414
"ynbD",0.00296374317803893
"ybgL",0.000674310191882347
"bcsG",0.00154618318103448
"yehQ",0.573656211182879
"appY",0.567092273806932
"proC",9.58426233050712e-05
"ddpD",0.000216262611488066
"rpsG",0.0114848070971023
"ompN.ydbK",4.38913678202855e-09
"ddpF",0.00201029010346574
"fdhD",0.426114589367705
"wcaC",1.99327023690234e-13
"yeeU",0.000109019609321934
"chiA",0.0604455137586369
"malS",1.99546815364284e-13
"gltF",2.01198185019722e-07
"dinQ.arsR",0.578265545760211
"yeiT",0.0763173183742185
"yaeF",0.384187806842655
"ompT",0.338085839659228
"b3783.b4403",2.29777461850433e-05
"ybgJ",0.426118148686367
"uxaB",2.49161170085481e-11
"prlC",0.000231300358562199
"yhgI.gntT",2.13921649725385e-08
"rplS",1.6013307012737e-08
"acpD",4.38913678202855e-09
"pqiB",0.12190368684682
"ulaG",0.40526318570795
"maa",2.03901799538867e-08
"ybbD",0.0763173183742185
"sapA",0.0194793076580025
"cho",0.00296370016865779
"ansA",1.99546815364284e-13
"yiaY",0.00154618318103448
"yphG",0.344748341764641
"rnr",0.492616640618869
"dnaQ",0.345311682829633
"ycjS",0.426119324731626
"ydaM",0.279124879263586
"cpdB",0.00129617302204839
"oxc",0
"rlmJ",2.00549033183271e-10
"pflC",0.381740828019114
"ECB_02816",1.73499834902082e-08
"yeeP.flu",1.6013307012737e-08
"insL.5",2.58392404933494e-08
"yfiR",2.0389558052267e-08
"rimJ",9.11566073127894e-11
"IS3_insE.serX",5.66325969940689e-06
"ydfP",1.51834492662108e-08
"yehY",0.000950291983741805
"fimH",0.000917772959411209
"fumC",0.00296219029397725
"yheS",0.384969474632993
"yeaZ",1.99546815364284e-13
"glyQ",0.709237718961047
"envY",0.338085839659228
"ydjI",3.10977979230677e-07
"kup.insJ",2.27258956175311e-08
"rpsD",2.0389558052267e-08
"hdfR.yifE",1.73499834902082e-08
"ydhV",4.38913678202855e-09
"ylaC",9.10737975719169e-11
"rof",2.0127388508037e-07
"ybaP",2.27255619088469e-08
"yjiK.yjiL",9.00391057932838e-11
"mdtF",0.350353045893861
"yhfW",0.00141123651483414
"cheR",0.000675324454932586
"sgbU",9.35479861255907e-05
"yffP.yffQ",0.573143950971227
"yejG.bcr",0.0200202081257414
"ybcH",0.338085839659228
"yajO",0.426114589367705
"ydeU",0.47446895712678
"cheA",0.00022531433200135
"yhbE.rpmA",1.26108886203176e-08
"ybaM.priC",9.10737975719169e-11
"yceF",0.000672697123993969
"sufS",0.000673543913429471
"flgG",9.10820216822263e-11
"ydiR",2.27255619088469e-08
"ugpA",0.0726391689761988
"atoA",9.10737975719169e-11
"cysD",0.000675364903754217
"yiaU",9.35479861255907e-05
"ravA.kup",0.0108892355876195
"gltP.yjcO",0.384187806842655
"nfrA",0.355852963492928
"yajR",0.00569771606792898
"ftnB.yecJ",2.49161170085481e-11
"feoB",0.22909604707671
"ygjG",2.26108524108277e-08
"aroD",0.425989609181441
"ytfR",1.99546815364284e-13
"phoU",0.00141123651483414
"tus",0.000673921879197019
"ilvC",0.000675324454932586
"nfrB",0.338085839659228
"stfR",0.0043989968209263
"ydeT",2.74039852587313e-05
"yqjK",2.26108524108277e-08
"ybdR",2.27255619088469e-08
"ygjR.psrN",9.00391057932838e-11
"envC",0.00296370016865779
"amiA",1.99546815364284e-13
"yjbH",0.000274901426256248
"yihG.polA",9.35479861255907e-05
"feaB",0.485916432789761
"smtA",0.426129214198691
"arsR",0.0623121779721458
"cycA",2.92024740660996e-09
"yghB",1.40564835623392e-08
"ydjG",0.255053687934545
"cdd",0.430294445707766
"fdoG",0.00296370016865779
"nac",0.000675324454932586
"yihM",9.35479861255907e-05
"rlmB.yjfI",0.384187806842655
"recN",0.008006758411175
"cynT",0.425989609181441
"cbrA",2.29773012522712e-05
"dld",0.254812338681338
"arsB",9.04414408598186e-11
"cca.uppP",2.27258956175311e-08
"ECB_02001",7.847200755333e-09
"ydiD",9.01277265560347e-11
"ybcU.ECB_00510",9.10737975719169e-11
"ylbF",1.99546815364284e-13
"yebT",0.405568315402812
"malS.avtA",0.000341397752795674
"glmU",0.000673921879197019
"nlpD",0.339001527338768
"ygfM",2.29773012522712e-05
"pheS",0.426118148686367
"ssuB",0.578072128138362
"arsC",0.0623121779721458
"ykgA",0.609065978061696
"yrfE",2.22775793532584e-08
"intD",0.405568315402812
"fadI",0.00569771606792898
"metK.galP",2.0127388508037e-07
"ydcK",9.10737975719169e-11
"tar",0.000793221523761726
"acnA",0.000673921879197019
"nrfD",9.35479861255907e-05
"yjhI",2.01198185019722e-07
"ypfJ",2.49161170085481e-11
"yhiS",9.04414408598186e-11
"yahJ",1.99546815364284e-13
"yciQ",0.00619748076649717
"fepD",2.27255619088469e-08
"xapB",2.0127388508037e-07
"yhfX",0.426118148686367
"rffD",0.76521040885086
"creD",0.733217293969181
"cusB",0.338085839659228
"yebK",0.426118148686367
"IS1",2.27258956175311e-08
"waaT",1.6013307012737e-08
"mepA",9.00000036350285e-11
"yehM",0.308923526022098
"entE",9.11566073127894e-11
"idi",0.00129617302204839
"focA",0.00696415016629844
"gcvR",0.60897595370214
"cstA",0.235474129446278
"intA",2.49161170085481e-11
"ydiY",0.00034205981174522
"ycjC",9.10737975719169e-11
"hyfB",0.000351209278611973
"ygfU",9.11566073127894e-11
"yehB",0.311040835787548
"ybhR",9.35479861255907e-05
"pheP",0.193469360631728
"slp",0.0623121779721458
"yeeI",9.04414408598186e-11
"citT",9.00000036350285e-11
"bioC",2.00509782166449e-08
"aslA",0.00154621307573931
"cydD",0.76111915183438
"mnmG",0.0225898048368542
"hypD",0.608990225364486
"ybdG",0.193469360631728
"nrdA",0.426118148686367
"ygaM",3.10977979230677e-07
"fhuE",0.000673543913429471
"yahK",0.526397249630985
"fimA",1.98673384663273e-08
"purL",1.58044132235233e-08
"ydcR",5.66325969940689e-06
"ECB_00735",9.10820216822263e-11
"yhhN",9.04414408598186e-11
"yhaM",9.10820216822263e-11
"ycaC",0.733217293969181
"ddpA",2.29774117520586e-05
"ydiS",9.10737975719169e-11
"argZ.argY",2.49161170085481e-11
"trg",1.99546815364284e-13
"yfiQ",2.27258956175311e-08
"yfiH",9.00000036350285e-11
"ybeD",9.10737975719169e-11
"nrdE",2.27258956175311e-08
"ydiU",9.10737975719169e-11
"tdcG",1.99546815364284e-13
"lepB",0.000707932069174276
"atoE",2.70846177590076e-06
"ycaN",0.641835172742341
"ybdF",0.348422840623516
"dosP",0.0043989968209263
"yjhB",0.00129685365743176
"ascB",3.10997933536719e-07
"hdeB",9.04414408598186e-11
"ECB_03822",1.26108886203176e-08
"mglB",9.11566073127894e-11
"mcrB",9.04981374881493e-11
"wcaK",0.000318349571487555
"ftsA",2.0127388508037e-07
"ybdJ",0.193469360631728
"pqqL",0.426119324731626
"yphH",0.426129214198691
"ygbL",3.10997933536719e-07
"amiC",9.00000036350285e-11
"yejH",0.651408489955381
"kefB",9.04414408598186e-11
"yeaE",0.000673921879197019
"citC",0.000675324454932586
"pgaC",0.733291241964584
"flgF",0.585428945840064
"ybdK",0.193469360631728
"iap.ygbF",2.49161170085481e-11
"hdeD",9.04414408598186e-11
"yiaV",0.172967489236884
"yqeB",8.00388531979847e-09
"metT.asnB",9.10737975719169e-11
"ybdM",9.10737975719169e-11
"narY",0.385017985372678
"yibD",2.00651059132986e-10
"alsA",0.607796212772528
"potE",0.00129683480622948
"ygcG",3.10977979230677e-07
"xdhA",2.00654927589933e-10
"hemE",0.108356379500692
"mntR",9.10820216822263e-11
"rhaA",9.10737975719169e-11
"yohF",0.383745459900176
"yidC",0.000673952354227019
"coaE.guaC",2.0127388508037e-07
"yjiS.yjiT",0.0225898048368542
"serV",0.426132805117587
"queF.ygdH",2.49161170085481e-11
"narQ",9.11566073127894e-11
"fimE",2.87467525208219e-07
"sgcX",9.11566073127894e-11
"dbpA",0.000675324454932586
"yjjI",9.2582865116273e-05
"fucK",3.10977979230677e-07
"hofQ",0.611406016705425
"ycaI",2.00549033183271e-10
"mdtE",0.425806776884476
"mdh.argR",2.0389558052267e-08
"hflB",9.04981374881493e-11
"kduD",9.10737975719169e-11
"yfgI",9.11566073127894e-11
"ybgH.ybgI",9.10737975719169e-11
"citA",9.11566073127894e-11
"potF",0.608986728745344
"hflD",9.26527153696541e-05
"galR",3.10977979230677e-07
"yebS",5.66300344476308e-06
"ybdH",0.000673921879197019
"speC.yqgA",2.49161170085481e-11
"ybcR",1.58389008337679e-08
"yrdB",9.10737975719169e-11
"torY",0.00101606830043868
"tktA",0.062510355198479
"yqjG",0.425989609181441
"dcuR",1.99546815364284e-13
"gltD",0.000707867616646306
"gltT.rrlB",0.0108892355876195
"ybdZ",0.405568315402812
"ybfO",0.543966844883931
"ftsN",0.426118148686367
"yqhC",2.49161170085481e-11
"kdgK",0.245920654115979
"yegE",0.31123373210889
"ycaO",0.42612565485623
"ypjA",2.0127388508037e-07
"ispB",0.609065978061696
"yciI.tonB",2.0127388508037e-07
"gadB",0.670508014702899
"citF",0.425989609181441
"ybgK",0.426114589367705
"argG",7.06985606563059e-06
"ldcA",0.00200638770376801
"ybcT",1.58389008337679e-08
"ygiE",9.04414408598186e-11
"yhiR",0.0623121779721458
"cueO.gcd",2.0127388508037e-07
"nei",0.00439891163866387
"yhbX.leuU",2.49161170085481e-11
"leuP",0.323912742352388
"yhdP",0.162882571577865
"ybcU",1.58389008337679e-08
"mokC",2.26108524108277e-08
"yggW",9.11566073127894e-11
"ybhQ",9.10737975719169e-11
"yjiZ",9.11566073127894e-11
"helD",2.70846177590076e-06
"yhcG",3.10977979230677e-07
"lysU",0.181483688730932
"yhjA",0.321141220297875
"ECB_00510",2.5514108363761e-08
"insJ.2",2.22775793532584e-08
"ybiB",9.11566073127894e-11
"hycC",0.426129245767404
"selB",2.00651059132986e-10
"srlE",0.000673962244067486
"lldP",0.427679183387498
"recE.XcC",2.0127388508037e-07
"yjgR",0.180800390435093
"yjcH",0.733291241964584
"nohB",2.5514108363761e-08
"insK.2",2.22775793532584e-08
"ECB_00833",9.11566073127894e-11
"fur.fldA",1.99546815364284e-13
"ydeR",2.0127388508037e-07
"astC",0.750981953744708
"ydfV",0.0056978257724559
"malX",0.000351209278611973
"yhjB",1.40562743884796e-08
"ECB_01510",1.26108886203176e-08
"yghJ.yghK",9.11566073127894e-11
"ECB_00851.ybjL",9.10737975719169e-11
"ompA.sulA",1.99555804679436e-13
"mutH",0.000675324454932586
"ydfJ",0.609065978061696
"pabB",0.760302689492455
"mdfA",0.00200638770376801
"yjiM",9.00000036350285e-11
"yhjC",0.321144450117225
"ECB_00513",2.5514108363761e-08
"insE.3",1.26108886203176e-08
"yjeM",4.38913678202855e-09
"ygjE",9.11566073127894e-11
"yhdN",0.609065978061696
"ynfM.asr",2.0127388508037e-07
"rsmF",9.35479861255907e-05
"yhjD",9.04414408598186e-11
"ECB_00514",2.5514108363761e-08
"insF.3",1.26108886203176e-08
"putP",0.359630658093467
"yhhX",2.26101839451395e-08
"gspC",9.10737975719169e-11
"glpD",0.485911552708796
"plsB",1.76695285860549e-06
"hchA",0.670518056533981
"yieL",0.543970471476029
"yhjE",9.04414408598186e-11
"ycdN",2.26108524108277e-08
"ytfQ",4.38913678202855e-09
"yeeR",0.285073859881503
"ybiR",0.426114589367705
"bcsE",0.00354705254999996
"yhjG",0.051281511749579
"ydcA",1.99546815364284e-13
"gnsB",1.6013307012737e-08
"ycdO",2.19886994818853e-08
"aroG",9.10737975719169e-11
"pyrD",0.000675732760686261
"gmd",0.754993599577608
"yhjH",0.407710244782773
"hokB",1.99546815364284e-13
"ynfN",1.6013307012737e-08
"ycdB",2.26108524108277e-08
"aroG.gpmA",1.99546815364284e-13
"ybdA",1.99546815364284e-13
"qseC",0.000352138015288576
"uidA",0.426130390251812
"yidA",0.000216252086279837
"mokB",1.99546815364284e-13
"ECB_01516",1.6013307012737e-08
"ECB_02818",5.44890810341315e-09
"ycbL",0.235381677938019
"galT",1.99546815364284e-13
"yebN",0.609065978061696
"b3775.b4403",2.60862271684557e-05
"yhjJ",0.00456420249730164
"cspI",1.6013307012737e-08
"ycdP",2.26108524108277e-08
"dctA",9.04414408598186e-11
"ycdQ",2.26108524108277e-08
"yhhA",2.18918894276902e-06
"cysB",2.27255619088469e-08
"gldA",0.425989609181441
"ybjS",0.733291241964584
"ydfQ",1.51834492662108e-08
"livJ",0.0686828243488649
"wzxE",0.448257908421964
"yebK.pykA",2.0127388508037e-07
"hemX",3.10977979230677e-07
"ydfR",4.40060856891163e-06
"ycdS",2.19886994818853e-08
"agp",0.235381677938019
"ybeM",0.000675324454932586
"b1894.b4403",2.29773012522712e-05
"xerC",2.49161170085481e-11
"bcsZ",0.419859660156457
"essQ",1.6013307012737e-08
"lysU.yjdL",2.0389558052267e-08
"ycdG",9.10737975719169e-11
"sgcA",9.10737975719169e-11
"yfdE",0.67754008379276
"ECB_01522",1.6577516974558e-08
"dfp",0.425806776884476
"yjhR",9.10737975719169e-11
"yegR.yegS",0.733191271539051
"macA",0.733291241964584
"yigG.rarD",2.49161170085481e-11
"bcsA",2.29774117520586e-05
"ECB_01523",1.90572937809331e-08
"hscC",0.609065978061696
"cytR",2.49161170085481e-11
"bcsQ",2.00651059132986e-10
"manB",1.07108609746495e-08
"yicL",9.11566073127894e-11
"yhfT",0.00128801900023436
"yhgF",0.272463182411284
"macB",0.710771510791268
"ptsA",3.10977979230677e-07
"yhjR",1.99546815364284e-13
"manC",1.07108609746495e-08
"ECB_00515",2.0389558052267e-08
"insH.8.narP",2.0127388508037e-07
"pcm",0.760407758737933
"ynjC",0.179076200800928
"thiE",2.49161170085481e-11
"insB.14",1.07108609746495e-08
"ECB_00516",2.0389558052267e-08
"ssuD",1.99546815364284e-13
"ECB_03714",4.55472128082247e-06
"napB",2.0127388508037e-07
"insA.14",1.07108609746495e-08
"ECB_00517",2.0389558052267e-08
"aceA",0.151822528709535
"bipA.yihL",5.66325969940689e-06
"glyV.glyX",2.49161170085481e-11
"rfc",1.64414279413371e-05
"ldrD",1.99546815364284e-13
"yhhL",9.02166168092543e-11
"ycaK",2.00651059132986e-10
"insD.yjgZ",2.49161170085481e-11
"wzy",1.07108609746495e-08
"ycdW",1.99546815364284e-13
"ydjX",2.27255619088469e-08
"kptA",9.00000036350285e-11
"nuoB",2.0127388508037e-07
"fecA",3.10993047935412e-07
"yhjV",0.543966844883931
"wbbB",1.07108609746495e-08
"ycdZ",1.99546815364284e-13
"phnD",0.360638197784152
"yfbQ",2.0127388508037e-07
"gapA",0.235477630929129
"wbbA",1.07108609746495e-08
"goaG",9.11566073127894e-11
"ygdD",2.70846177590076e-06
"bglA",9.26527153696541e-05
"vioB",1.07108609746495e-08
"insE.4",2.26108524108277e-08
"yfcD.yfcE",2.0127388508037e-07
"dppC",0.474470161564886
"vioA",1.07108609746495e-08
"insF.4",2.26108524108277e-08
"yecT",0.0926563865356726
"alsK",0.733295029118577
"dppB",9.11566073127894e-11
"wzx",1.07108609746495e-08
"ECB_01526",2.26108524108277e-08
"ECB_00524",2.0389558052267e-08
"rnk",8.99065915039555e-11
"dppA",0.12732644098511
"flhB",1.40581912596349e-08
"cvpA",2.0127388508037e-07
"yggN",0.579002059266661
"rmlC",1.07108609746495e-08
"yjdB",9.04414408598186e-11
"yeaS",2.27255619088469e-08
"araH",2.27255619088469e-08
"fklB.cycA",0.000439915680229545
"frc",2.0127388508037e-07
"torA",0.00439891163866387
"smf",0.00043874112653538
"proK",1.99546815364284e-13
"ECB_00526",2.0389558052267e-08
"yeeA",0.235490458815034
"rfbD",1.07108609746495e-08
"ECB_00527",2.0389558052267e-08
"insL.3",9.10737975719169e-11
"yidX",9.10737975719169e-11
"ycgV.ychF",0.609065978061696
"pepB",2.0127388508037e-07
"sufB",0.254952418175636
"yhjX",9.10737975719169e-11
"rfbB",1.07108609746495e-08
"ECB_00528",2.0389558052267e-08
"sufC",2.27255619088469e-08
"hcaT",0.44460149506614
"yhjY",1.99546815364284e-13
"ECB_00529",2.0389558052267e-08
"modA",1.99293247375456e-16
"yecA",2.03901799538867e-08
"yebQ",0.426119324731626
"tag",1.99546815364284e-13
"wcaM",0.00511633608129531
"ECB_00530",2.0389558052267e-08
"XiA",2.0127388508037e-07
"garR",0.750981953744708
"purT",0.474470161564886
"yiaC",1.99546815364284e-13
"ccrB",9.10737975719169e-11
"wcaL",1.07108609746495e-08
"ybdQ",1.99546815364284e-13
"ydcI.ydcJ",9.10737975719169e-11
"yedD",2.27771089649831e-11
"ydhB",1.7353046577327e-11
"flhC",0.000244017493555681
"bisC",0.651505485163293
"yeaY",2.27255619088469e-08
"baeR",7.99480209574393e-09
"yeaV",2.27255619088469e-08
"cysN",0.698277607213791
"dam",0.670508014702899
"cheY",0.426119324731626
"yfbK",0.733294088568989
"yfiF",0.000551667086776258
"cutC",0.000871208838237693
"ydfI.ydfK",5.62102608360856e-11
"yiaD",0.430420358356071
"wzxC",1.07108609746495e-08
"narW",9.10737975719169e-11
"nlpC",0.000343451851376355
"asnT.yeeJ",0.24503373331582
"ghrB",2.00651059132986e-10
"wcaJ",0.0115718761016177
"ylcC",2.0389558052267e-08
"yddQ",9.10737975719169e-11
"yciM",1.99546815364284e-13
"yoaB",2.27255619088469e-08
"intF",2.0127388508037e-07
"yejK",4.00233734400434e-05
"ydjJ",0.000343451851376355
"ydiM",0.000675058837444534
"yiaF",1.99546815364284e-13
"ybeR",9.10737975719169e-11
"yneK",9.10737975719169e-11
"aXE.kduD",2.0127388508037e-07
"ftsY",0.481363297757688
"ycfD",0.00129617302204839
"leuX.insC",4.40254403055318e-11
"ycjJ.ycjK",1.99546815364284e-13
"xanQ",2.0127388508037e-07
"yghU.hybG",9.08425087870326e-14
"asnB.nagD",0.609065978061696
"citX",1.99546815364284e-13
"ydeI",9.10737975719169e-11
"ptrB",0.427846485437583
"yggP",2.0127388508037e-07
"ttdA",0.446746929228308
"hokA",1.99546815364284e-13
"ECB_01906",2.27255619088469e-08
"ybgI",0.344526687760659
"nfnB",1.40564835623392e-08
"citE",1.99546815364284e-13
"yghG",0.609065978061696
"ompA",0.000343060095482231
"ydcL",1.9884856701381e-16
"citD",0.609065978061696
"yeiW",2.26101839451395e-08
"yhbU",0.426118148686367
"fimC.fimD",1.49552707408027e-11
"recG",0.24512829517479
"yojL",2.27255619088469e-08
"dkgA.yqhG",2.0127388508037e-07
"tdh",0.750978316463945
"ydgK",0.000673543913429471
"insB.9",1.99546815364284e-13
"ynjE",0.235381677938019
"baeS",0.000791731172118145
"ydiB",0.000673543913429471
"glyS",0.00569771606792898
"insJ.1",2.0389558052267e-08
"ydhY",8.99065915039555e-11
"insA.9",1.99546815364284e-13
"mipA.yeaG",0.405568315402812
"ltaE",2.0127388508037e-07
"yciB",0.610763677463136
"yegZ",4.38913678202855e-09
"insK.1",2.0389558052267e-08
"yebZ",9.04414408598186e-11
"ECB_01994",7.99480209574393e-09
"ECB_01989",7.99480209574393e-09
"insB.7",2.0389558052267e-08
"yobB",9.11566073127894e-11
"aer",0.609076752216646
"ycjO",0.00569771606792898
"ECB_01990",4.38913678202855e-09
"srlD",2.27269239851089e-08
"insA.7",2.0389558052267e-08
"rhtC",9.26527153696541e-05
"yiaA",0.609065978061696
"ECB_01991",4.38913678202855e-09
"metR",0.670508014702899
"dhaR",0.334400491295569
"muX",2.0127388508037e-07
"yfhM",0.386479520356536
"xylB",2.00651059132986e-10
"gltA.sdhC",0.670508014702899
"ECB_01993",4.38913678202855e-09
"gutQ",2.27258956175311e-08
"yegM",4.38913678202855e-09
"yehW",9.10737975719169e-11
"kdsD",0.444612718975934
"tehA",0.405568315402812
"ygaA",1.99558722090873e-13
"yegN",4.38913678202855e-09
"mglA",0.414225226303207
"mtgA",0.609065978061696
"acs",0.766849375730291
"ECB_01995",4.38913678202855e-09
"yegO",4.38913678202855e-09
"cirA.lysP",9.10737975719169e-11
"rpiR.rpiB",0.447390365904759
"yhbX",0.340037256058051
"yegB",4.38913678202855e-09
"yeiE",9.10737975719169e-11
"yhbY",0.383745459900176
"ECB_01997",4.38913678202855e-09
"fdnG",9.10737975719169e-11
"ascF",0.0772402600602726
"cysG.yhfL",2.0127388508037e-07
"ydiI",0.00141416900208881
"ECB_01998",4.38913678202855e-09
"ccmF",9.10737975719169e-11
"ygbK",2.27269239851089e-08
"b4479.b4403",2.29773012522712e-05
"btuE",0.526397249630985
"ydiP.ydiQ",0.00102085275099665
"bax",2.00651059132986e-10
"ascG",0.405582829356488
"yegP",4.38913678202855e-09
"fimG",0.0125522496077354
"ECB_02000",4.38913678202855e-09
"nikC",0.185499987793262
"avtA",2.00651059132986e-10
"nikR",0.0578874840581796
"yjjV",0.750882253017174
"ysaA",2.00651059132986e-10
"dsdX",2.27255619088469e-08
"ygdL",2.27255619088469e-08
"ada",0.405579273503389
"ilvD",1.99739093566412e-13
"yiaJ",2.00651059132986e-10
"ydiH",0.609065978061696
"yfcF",0.235381677938019
"yceE",1.99546815364284e-13
"uspA.dtpB",2.0127388508037e-07
"ECB_02004",4.38913678202855e-09
"dedD",9.10737975719169e-11
"gshA",0.426130390251812
"yiaL",2.00651059132986e-10
"ECB_02005",4.38913678202855e-09
"flk",0.425989609181441
"ydhK",1.99546815364284e-13
"ECB_02006",4.38913678202855e-09
"yeeP",1.25305264904478e-08
"waaY",2.0127388508037e-07
"yoaE",0.235381677938019
"yeeS",0.000109254083838851
"ECB_02007",4.38913678202855e-09
"hycD",0.00141425364166497
"yfcO",9.10737975719169e-11
"murP",0.609076752216646
"ygcQ",2.03901799538867e-08
"xanP",0.733291241964584
"yiaO",2.00651059132986e-10
"lyxK",0.383316248528884
"ECB_02009",4.38913678202855e-09
"ECB_02802",1.25305264904478e-08
"ECB_02010",4.38913678202855e-09
"hycA",2.27258956175311e-08
"yafZ",5.79090421382555e-09
"ydiN",9.10737975719169e-11
"yigG",2.0127388508037e-07
"ypfG",0.444042831285297
"ECB_02011",4.38913678202855e-09
"yffI",9.10737975719169e-11
"rXA",9.26527153696541e-05
"ppdB",0.426119324731626
"sgbE",1.99546815364284e-13
"ECB_02012",4.38913678202855e-09
"celF.celD",1.99546815364284e-13
"argH",0.609076752216646
"yeeT",1.25305264904478e-08
"lamB.malM",2.0127388508037e-07
"ygcR",9.11566073127894e-11
"nrfA",2.0127388508037e-07
"yeeV",1.25305264904478e-08
"ydiP",0.425989609181441
"ygcS",9.11566073127894e-11
"cheZ",9.10737975719169e-11
"fecB",2.0127388508037e-07
"yeaW",0.425989609181441
"speG",0.426114589367705
"yeeW",1.25305264904478e-08
"yecI",9.10737975719169e-11
"fecR",0.610763677463136
"glcB",0.736455999993403
"ECB_02810",1.25305264904478e-08
"uxuA",0.00104407526853647
"ynfH",2.00651059132986e-10
"yfjM.rnlA",4.35262509213046e-11
"ECB_02811",1.25305264904478e-08
"yjiR",0.733294088568989
"pphB",2.27258956175311e-08
"ECB_02812",1.25305264904478e-08
"csiD",9.10737975719169e-11
"yehR",1.99546815364284e-13
"yqcE",2.27255619088469e-08
"yfjR",2.00549033183271e-10
"ECB_02813",1.25305264904478e-08
"yehV",1.99546815364284e-13
"kefF",2.0127388508037e-07
"gudP",0.24512829517479
"ECB_02814",1.25305264904478e-08
"qmcA",2.0127388508037e-07
"lhgO",2.00549033183271e-10
"ECB_02815",1.25305264904478e-08
"ydiA",9.10737975719169e-11
"ybcJ",2.0127388508037e-07
"zwf",0.414225226303207
"agaC",0.0623228262193164
"yebA",0.405568315402812
"ydjF",0.426114589367705
"prfB",0.00141416900208881
"yebC",0.405568315402812
"yeaD",0.425989609181441
"livH",0.0623133245101992
"yggJ",9.10737975719169e-11
"ygjK",2.03901799538867e-08
"yeaK",0.425989609181441
"ygjO",9.10820216822263e-11
"ybeX",2.0127388508037e-07
"ECB_02838",9.10737975719169e-11
"rpsE",2.03901799538867e-08
"plsC",2.00549033183271e-10
"kbaZ",0.000675089363853529
"ECB_02817",5.44890810341315e-09
"glcF",0.235474129446278
"yfaS",0.405568315402812
"gspD",1.40581912596349e-08
"trkA",0.00141416900208881
"yghU",0.235381677938019
"uvrY",0.313161618384319
"pabA",0.00141416900208881
"ptsN",0.000675058837444534
"ECB_02819",5.44890810341315e-09
"yeeT.yeeU",0.609076752216646
"ybgF",2.0127388508037e-07
"aphA",0.426118148686367
"ECB_02820",5.44890810341315e-09
"yjiW",9.04981374881493e-11
"yfbW",1.99546815364284e-13
"leuO",2.0127388508037e-07
"acpT",0.009932042271306
"hsdS",8.32314732176294e-06
"uhpT",0.474470161564886
"ECB_02822",5.44890810341315e-09
"ECB_02851",2.27255619088469e-08
"ycaD",2.0127388508037e-07
"insB.22",5.44890810341315e-09
"yqiK.rfaE",9.10737975719169e-11
"dacD",2.00651059132986e-10
"dgoD",2.29774117520586e-05
"insA.22",5.44890810341315e-09
"yhfS",1.99546815364284e-13
"ECB_02825",5.44890810341315e-09
"ygjH",9.10737975719169e-11
"yifB",0.430420358356071
"trmH",0.24512829517479
"ECB_02826",5.44890810341315e-09
"folP",9.10737975719169e-11
"yibL",0.42612565485623
"ECB_02827",5.2807290673261e-09
"acrF",0.207990593805369
"secB",0.294602469060912
"yiiE",0.000675089363853529
"ECB_02828",5.44890810341315e-09
"insI",1.99739093566412e-13
"yghD",5.44890810341315e-09
"yghE",5.44890810341315e-09
"yrbK",9.10737975719169e-11
"exuT",1.99135898285723e-08
"ECB_02831",5.44890810341315e-09
"hyfR",0.425989609181441
"yhfG",2.03901799538867e-08
"ECB_02833",5.44890810341315e-09
"yddG",1.99546815364284e-13
"fimC",1.5239493937991e-05
"ECB_02834",5.44890810341315e-09
"nuoJ",0.610763677463136
"yjjG.prfC",0.305627394772973
"ECB_02835",5.44890810341315e-09
"gntR",2.03901799538867e-08
"degQ",0.609065978061696
"eutC",0.426114589367705
"ECB_02836",5.44890810341315e-09
"yhdY",9.10737975719169e-11
"yejE",0.405568315402812
"thiH",2.29774117520586e-05
"pheA",1.99546815364284e-13
"ygaU",0.426114589367705
"purH",0.426000673833625
"mtr",0.294602469060912
"malE",0.426119324731626
"acrD",0.736443346323045
"aidB",0.425989609181441
"celF",9.10737975719169e-11
"ECB_03460",1.99135898285723e-08
"hcaR",0.733191271539051
"cysD.iap",1.99546815364284e-13
"glpC",0.405568315402812
"basS",0.235477630929129
"yjhQ",9.10737975719169e-11
"psd",2.00651059132986e-10
"ygcM",1.99546815364284e-13
"gspA",2.27255619088469e-08
"uxuR",0.00104407526853647
"adiA",0.525531110330723
"dcuS",0.543971669723314
"bglG",0.42612565485623
"glvG",0.12732644098511
"ygeD",9.10737975719169e-11
"ubiH",0.733291241964584
"grpE",0.426114589367705
"yieC",9.10737975719169e-11
"ydjR",1.99546815364284e-13
"accD",0.405568315402812
"sgcR",9.10737975719169e-11
"astE",9.10737975719169e-11
"rffG",0.294602469060912
"sgcE",9.10737975719169e-11
"gcvH.gcvT",1.99546815364284e-13
"topB",1.99546815364284e-13
"ygfI",0.425989609181441
"panF",0.690130594287205
"astD",9.10737975719169e-11
"sgcQ",9.10737975719169e-11
"sgcC",9.10737975719169e-11
"sgcB",9.10737975719169e-11
"yhfK",0.619253858306821
"rtcR",0.609065978061696
"fimB",8.85837709493296e-11
"ECB_04174",9.10737975719169e-11
"glcD",0.405568315402812
"yecR",9.10737975719169e-11
"ECB_02855",1.99546815364284e-13
"fimI",9.00000036350285e-11
"yjhS",9.10737975719169e-11
"ugpQ",9.04414408598186e-11
"yjhT",9.10737975719169e-11
"ugpC",9.01277265560347e-11
"yjbB",0.426114589367705
"fimF",9.00000036350285e-11
"ugpE",9.04414408598186e-11
"lysC.pgi",9.10737975719169e-11
"ygiY",1.99546815364284e-13
"insB.27",9.10737975719169e-11
"malE.malK",1.99555804679436e-13
"ugpB",0.0623121779721458
"phnI",9.10737975719169e-11
"insA.27",9.10737975719169e-11
"yhhT",9.02166168092543e-11
"gntP",9.04981374881493e-11
"livF",9.04414408598186e-11
"livG",9.04414408598186e-11
"nikA",0.0479467944136611
"livM",0.0623121779721458
"nikB",0.156959041727169
"yrbG",0.425989609181441
"cca",1.99546815364284e-13
"fumB",0.294602469060912
"yjiC",9.00000036350285e-11
"livK",9.01277265560347e-11
"yjiD",9.00000036350285e-11
"yhhK",9.04414408598186e-11
"nikE",9.01277265560347e-11
"yihG",0.733191271539051
"yjiE",9.00000036350285e-11
"tdcG.tdcF",1.99546815364284e-13
"ygcE",0.425989609181441
"iadA",0.00104407526853647
"yjiG",9.00000036350285e-11
"yjiH",9.00000036350285e-11
"rbfA.infB",1.99546815364284e-13
"yhbH",9.10737975719169e-11
"ydjH",9.10737975719169e-11
"yhcC",0.426114589367705
"yjjP",0.405579273503389
"yjiL",9.04981374881493e-11
"yhhM",9.04414408598186e-11
"idnT.idnO",1.99546815364284e-13
"rplE",0.426114589367705
"ECB_04148",9.10737975719169e-11
"ulaA",0.733291241964584
"rplN",0.426114589367705
"yjiO",9.00000036350285e-11
"yhbL",1.99546815364284e-13
"sirA",9.04414408598186e-11
"yhhQ",9.04414408598186e-11
"acrE",9.11566073127894e-11
"insA.28",9.00000036350285e-11
"dcrB",9.04414408598186e-11
"mdoB",0.235474129446278
"yheM",0.426114589367705
"insB.28",9.00000036350285e-11
"yhhS",0.0479467944136611
"rrfD",9.10737975719169e-11
"fic",0.426114589367705
"nirB",0.426114589367705
"nanK",9.10737975719169e-11
"gph",0.426114589367705
"dcuD",9.10737975719169e-11
"rpe",0.426114589367705
"damX",0.426114589367705
"yhjQ",9.04414408598186e-11
"mrcA",0.426114589367705
"yhiH",9.04414408598186e-11
"degS",0.425989609181441
"yhgE",0.426114589367705
"yhiKL",9.04414408598186e-11
"yicF",9.10737975719169e-11
"rplR",0.425989609181441
"gspL",0.405568315402812
"yhfA",0.425989609181441
"yhgA",0.543966844883931
"yhiP",9.04414408598186e-11
"yhiQ",9.04414408598186e-11
"kdgK.yhjJ",0.425989609181441
"maf",9.10737975719169e-11
"yidJ",0.00439891163866387
"yibQ",0.00569771606792898
"yhiF",9.04414408598186e-11
"asd",0.426114589367705
"hdeA",9.04414408598186e-11
"yhgN",0.235474129446278
"gntU",0.235474129446278
"yhiE",9.04414408598186e-11
"znuC",9.10737975719169e-11
"yhiU",9.04414408598186e-11
"yhiV",9.04414408598186e-11
"yhiW",9.04414408598186e-11
"frvA",0.405568315402812
"gadX",9.04414408598186e-11
"coaA",1.99546815364284e-13
"amn",9.10737975719169e-11
"yjeH.groES",1.99546815364284e-13
"yjdP",0.425989609181441
"frdA",0.00569771606792898
"hflC",1.99546815364284e-13
"yhjN",9.04414408598186e-11
"yhjO",9.04414408598186e-11
"mpl",2.00549033183271e-10
"yrdC",1.99546815364284e-13
"smg",9.10737975719169e-11
"lasT",1.99546815364284e-13
"creC",9.19937103298965e-08
"pckA",9.10737975719169e-11
"gapC",1.99546815364284e-13
"insA.12",1.99546815364284e-13
"insB.12",1.99546815364284e-13
"cybB",1.99546815364284e-13
"ilvA",1.99546815364284e-13
"fkpA",9.10737975719169e-11
"trmA",1.99546815364284e-13
"yhfV",9.10737975719169e-11
"hslO",9.10737975719169e-11
"ade",0.426114589367705
"ECB_03279",9.10737975719169e-11
"aslB",0.426114589367705
"yigF",0.426114589367705
"rarD",0.426114589367705
"cspA",9.10737975719169e-11
"phnK",0.235474129446278
"dcuB",0.426114589367705
"yjeK",0.426114589367705
"alsB",1.99546815364284e-13
"rpiR",1.99546815364284e-13
"rpiB",1.99546815364284e-13
"phnP",1.99546815364284e-13
"phnO",1.99546815364284e-13
"phnN",1.99546815364284e-13
"phnM",1.99546815364284e-13
"yjfC",0.426114589367705
"phnL",1.99546815364284e-13
"phnJ",1.99546815364284e-13
"phnH",1.99546815364284e-13
"phnG",1.99546815364284e-13
"phnF",1.99546815364284e-13
"phnE",1.99546815364284e-13
"phnB",1.99546815364284e-13
"phnA",1.99546815364284e-13
"yjdA",1.99546815364284e-13
"yjcZ",1.99546815364284e-13
"basR",1.99546815364284e-13
"yjdE",1.99546815364284e-13
"melR",1.99546815364284e-13
"melB",1.99546815364284e-13
"yjdF",1.99546815364284e-13
