Gene_ID,Gene_Name,AUC,Accuracy,Sensitivity,Specificity
0,ybcS,0.9955357142857142,0.9826086956521739,1.0,0.9821428571428571
1,proV,,1.0,0.0,1.0
2,acrA,0.8805309734513274,0.9826086956521739,0.0,1.0
3,evgS,,1.0,0.0,1.0
4,topA,0.973714953271028,0.9739130434782609,0.625,1.0
5,mrdA,0.8269230769230769,0.9043478260869565,0.0,1.0
6,araJ,0.9800884955752212,0.9826086956521739,0.0,1.0
7,pcnB,0.993362831858407,0.9826086956521739,0.0,1.0
8,thrA,0.5900900900900901,0.9652173913043478,0.0,1.0
9,gyrA,0.9845454545454545,0.9826086956521739,0.6,1.0
10,mrdB,0.97,0.9826086956521739,0.8,0.990909090909091
11,mokC.nhaA,0.9992354740061162,0.991304347826087,0.8333333333333334,1.0
12,yaaH,1.0,0.991304347826087,1.0,0.990990990990991
13,ybaL,0.9393939393939393,0.8695652173913043,0.9090909090909091,0.8602150537634409
14,cls,0.8553748231966054,0.8782608695652174,0.0,1.0
15,murE,,1.0,0.0,1.0
16,ompF.asnS,0.8561946902654868,0.9826086956521739,0.0,1.0
17,ftsW,0.17982456140350878,0.991304347826087,0.0,1.0
18,dgt,,1.0,0.0,1.0
19,secF,0.8440366972477065,0.9478260869565217,0.0,1.0
20,ECB_00212,0.8464912280701754,0.991304347826087,0.0,1.0
21,cyoA.ampG,0.6175595238095238,0.9739130434782609,0.0,1.0
22,lon.hupB,0.9955357142857143,0.9826086956521739,1.0,0.9821428571428571
23,mraZ,,1.0,0.0,1.0
24,yahA,0.5730088495575221,0.9826086956521739,0.0,1.0
25,fsr,0.581858407079646,0.9826086956521739,0.0,1.0
26,frmB,1.0,0.991304347826087,0.0,1.0
27,ylaB,,1.0,0.0,1.0
28,nagD,0.6150442477876106,0.9826086956521739,0.0,1.0
29,tig,0.986842105263158,0.991304347826087,0.0,1.0
30,sbcC,0.34649122807017546,0.991304347826087,0.0,1.0
31,ykgE,,1.0,0.0,1.0
32,yahG,0.11842105263157893,0.991304347826087,0.0,1.0
33,polB,,1.0,0.0,1.0
34,kefC,,1.0,0.0,1.0
35,pdhR,0.6535087719298245,0.991304347826087,0.0,1.0
36,gltL,0.8824404761904762,0.9739130434782609,0.0,1.0
37,dnaK,0.9800884955752212,0.9826086956521739,0.0,1.0
38,hfq,,1.0,0.0,1.0
39,menD,0.7280701754385965,0.991304347826087,0.0,1.0
40,dnaJ,,1.0,0.0,1.0
41,lpxC,0.9791666666666666,0.9739130434782609,0.0,1.0
42,hepA,0.9912280701754386,0.991304347826087,0.0,1.0
43,sgrR,0.9956140350877194,0.991304347826087,0.0,1.0
44,insL.1,,1.0,0.0,1.0
45,spoT,0.9749190938511327,0.9130434782608695,0.25,0.9902912621359223
46,yfbV.ackA,,0.991304347826087,0.0,0.991304347826087
47,ydcD,,1.0,0.0,1.0
48,mokB.trg,0.9955357142857142,0.9826086956521739,1.0,0.9821428571428571
49,rlmL,,1.0,0.0,1.0
50,glpK,1.0,1.0,1.0,1.0
51,rpoS,0.7840909090909091,0.9304347826086956,0.6363636363636364,0.9615384615384616
52,mdtG.lpxL,,1.0,0.0,1.0
53,mglO,0.9732142857142857,0.9739130434782609,0.0,1.0
54,rpoA,0.8229166666666666,0.9739130434782609,0.0,1.0
55,proX,0.5087719298245614,0.991304347826087,0.0,1.0
56,COG0428,,1.0,0.0,1.0
57,miaA.hfq,0.9601769911504425,0.991304347826087,0.5,1.0
58,lpxM,,1.0,0.0,1.0
59,yecC,,1.0,0.0,1.0
60,mglD,0.9649122807017544,0.991304347826087,0.0,1.0
61,can.yadG,0.3201754385964912,0.991304347826087,0.0,1.0
62,ycaQ,,1.0,0.0,1.0
63,csgD.csgB,0.6349557522123894,0.9826086956521739,0.0,1.0
64,xapA,,1.0,0.0,1.0
65,yciW,0.375,0.9739130434782609,0.0,1.0
66,araA,,1.0,0.0,1.0
67,acrB,0.9550264550264551,0.9565217391304348,0.42857142857142855,0.9907407407407407
68,groL,1.0,1.0,1.0,1.0
69,plsX,,1.0,0.0,1.0
70,fucO,,1.0,0.0,1.0
71,yoaA,1.0,0.991304347826087,0.0,1.0
72,hflK,0.9851190476190477,0.9826086956521739,0.3333333333333333,1.0
73,aroA.ycaL,,1.0,0.0,1.0
74,ycdR,,1.0,0.0,1.0
75,uvrB,0.9668141592920354,0.9826086956521739,0.0,1.0
76,nuoF,,1.0,0.0,1.0
77,gatZ,0.994047619047619,0.9826086956521739,1.0,0.9821428571428571
78,srlR,0.9868421052631579,0.991304347826087,0.0,1.0
79,arcA,0.25,0.991304347826087,0.0,1.0
80,yffN,,1.0,0.0,1.0
81,gatC,0.9868421052631579,0.991304347826087,0.0,1.0
82,ydaV,,1.0,0.0,1.0
83,garK,,1.0,0.0,1.0
84,rpoB,0.8616680032076984,0.8347826086956521,0.7241379310344828,0.872093023255814
85,udhA,0.6814159292035398,0.9826086956521739,0.5,0.9911504424778761
86,marR,0.9932432432432433,0.9739130434782609,1.0,0.972972972972973
87,acrR,0.9436363636363636,0.9391304347826087,0.2,0.9727272727272728
88,fis,0.9243119266055045,0.9478260869565217,0.5,0.9724770642201835
89,manY,,1.0,0.0,1.0
90,kefC.folA,1.0,1.0,1.0,1.0
91,polA,0.34649122807017546,0.991304347826087,0.0,1.0
92,pyrE.rph,0.9641608391608391,0.9565217391304348,0.7272727272727273,0.9807692307692307
93,kdpD,1.0,1.0,1.0,1.0
94,flu,0.5132743362831859,0.9826086956521739,0.0,1.0
95,adiY,0.9912280701754386,0.991304347826087,0.0,1.0
96,rpoC,0.8031674208144797,0.8782608695652174,0.15384615384615385,0.9705882352941176
97,cbpA,,1.0,0.0,1.0
98,lpxC.secM,,1.0,0.0,1.0
99,pykF,0.9987864077669902,0.991304347826087,0.9166666666666666,1.0
100,rne,,0.991304347826087,0.0,0.991304347826087
101,ahpC,0.986842105263158,0.991304347826087,0.0,1.0
102,clpX.lon,,1.0,0.0,1.0
103,fusA,0.9999999999999999,1.0,1.0,1.0
104,potD,,1.0,0.0,1.0
105,rph,0.8779205607476636,0.9478260869565217,0.625,0.9719626168224299
106,rplD,1.0,1.0,1.0,1.0
107,rplB,0.7234513274336283,0.9826086956521739,0.0,1.0
108,acrB.1,0.995575221238938,0.991304347826087,0.5,1.0
109,ylbE,0.9469026548672567,0.9826086956521739,0.0,1.0
110,fis.1,,1.0,0.0,1.0
111,folM,0.993362831858407,0.9826086956521739,0.0,1.0
112,acrR.1,,0.991304347826087,0.0,0.991304347826087
113,ompF,0.980654761904762,0.9826086956521739,0.3333333333333333,1.0
114,ompF.1,,1.0,0.0,1.0
115,pgaA,0.6096491228070176,0.991304347826087,0.0,1.0
116,mprA,0.993362831858407,0.9826086956521739,0.0,1.0
117,gyrA.1,0.9999999999999999,0.991304347826087,0.5,1.0
118,ftsI,1.0,0.991304347826087,0.0,1.0
119,ompR,0.9314159292035399,0.9739130434782609,0.0,0.9911504424778761
120,yaaJ,0.5685840707964601,0.9826086956521739,0.0,1.0
121,folA,1.0,1.0,1.0,1.0
122,fusA.1,0.9999999999999999,0.991304347826087,0.5,1.0
123,envZ,1.0,1.0,1.0,1.0
124,rpsE,1.0,1.0,1.0,1.0
125,cyoA,,1.0,0.0,1.0
126,dcp,,1.0,0.0,1.0
127,ylbE.1,,1.0,0.0,1.0
128,trkH,0.8783185840707964,0.9826086956521739,0.5,0.9911504424778761
129,atpD,0.9254385964912282,0.991304347826087,0.0,1.0
130,eutB,,1.0,0.0,1.0
131,atpG,,0.9826086956521739,0.0,0.9826086956521739
132,argS,,1.0,0.0,1.0
133,arnC,0.9956140350877193,0.991304347826087,0.0,1.0
134,nhaR,,1.0,0.0,1.0
135,ppsA,0.8805309734513275,0.9826086956521739,0.0,1.0
136,crp,0.6946902654867256,0.9826086956521739,0.0,1.0
137,relA,0.8348214285714286,0.9739130434782609,0.0,1.0
138,nusA,0.8794642857142857,0.9739130434782609,0.0,1.0
139,rho,0.9056666666666666,0.8434782608695652,0.8666666666666667,0.84
140,argR,0.9911504424778761,0.991304347826087,1.0,0.9911504424778761
141,entD,0.9868421052631579,0.991304347826087,0.0,1.0
142,glpR,0.9318181818181819,0.9652173913043478,0.6,0.9818181818181818
143,ydhA,,1.0,0.0,1.0
144,ECB_02832,0.9911504424778762,0.9826086956521739,1.0,0.9823008849557522
145,ycdT,0.9342105263157895,0.991304347826087,0.0,1.0
146,dacA,0.6008771929824561,0.991304347826087,0.0,1.0
147,yddB,0.42905405405405406,0.9652173913043478,0.0,1.0
148,yneE,0.2663690476190476,0.9739130434782609,0.0,1.0
149,fabF,0.5376106194690266,0.9826086956521739,0.0,1.0
150,proQ,0.16666666666666669,0.991304347826087,0.0,1.0
151,envZ.1,0.9728835978835979,0.9391304347826087,0.0,1.0
152,acnB,0.47345132743362833,0.9826086956521739,0.0,1.0
153,ybjG.mdfA,,0.991304347826087,0.0,0.991304347826087
154,yeeP.isrC,,1.0,0.0,1.0
155,ydeE,,1.0,0.0,1.0
156,ftsI.1,0.9823008849557522,0.9652173913043478,0.0,0.9823008849557522
157,rob,0.9823008849557522,0.9826086956521739,0.0,1.0
158,xdhB,1.0,0.991304347826087,0.0,1.0
159,mlaD,,0.9826086956521739,0.0,0.9826086956521739
160,rbsK,0.9931192660550459,0.9739130434782609,0.6666666666666666,0.9908256880733946
161,parC,0.8169642857142857,0.9739130434782609,0.0,1.0
162,hydN,,1.0,0.0,1.0
163,ompR.1,0.7366071428571428,0.9565217391304348,0.0,0.9821428571428571
164,ccmH,0.8333333333333334,0.991304347826087,0.0,1.0
165,cpxR,0.9780701754385964,0.991304347826087,0.0,1.0
166,ypjC,,1.0,0.0,1.0
167,yegQ,0.9177927927927928,0.9826086956521739,0.75,0.990990990990991
168,tufB,0.5131578947368421,0.991304347826087,0.0,1.0
169,gtrS,,1.0,0.0,1.0
170,pgsA,,1.0,0.0,1.0
171,phoQ,0.9601769911504425,0.9826086956521739,0.0,1.0
172,ynfL,,1.0,0.0,1.0
173,nagC,0.9523809523809524,0.9739130434782609,0.0,1.0
174,yedW.yedX,0.9933628318584071,0.9826086956521739,0.0,1.0
175,rbsA,0.9927248677248678,0.991304347826087,1.0,0.9907407407407407
176,ldrC,0.9955357142857142,0.9826086956521739,1.0,0.9821428571428571
177,yabN,,1.0,0.0,1.0
178,ykgK.ykgL,0.9955357142857143,0.991304347826087,1.0,0.9910714285714286
179,yaaH.yaaW,0.9911504424778761,0.9826086956521739,0.0,1.0
180,ECB_01992,0.919392523364486,0.9304347826086956,0.0,1.0
181,mdoG,0.881578947368421,0.991304347826087,0.0,1.0
182,mreC,0.9956140350877193,0.991304347826087,0.0,1.0
183,sbmA,0.9911504424778762,0.9826086956521739,0.0,1.0
184,ECB_00825,,1.0,0.0,1.0
185,tesB.ybaY,0.831858407079646,0.9826086956521739,0.0,1.0
186,cpsG,0.9159125188536953,0.8956521739130435,0.23076923076923078,0.9803921568627451
187,aroP.pdhR,,1.0,0.0,1.0
188,rssB,0.84375,0.9739130434782609,0.0,1.0
189,ybhI,1.0,0.991304347826087,0.0,1.0
190,rluB,0.6008771929824561,0.991304347826087,0.0,1.0
191,dnaX,0.9999999999999999,0.991304347826087,0.0,1.0
192,ylbH,0.9999999999999999,0.991304347826087,0.0,1.0
193,sucB,0.6447368421052632,0.991304347826087,0.0,1.0
194,rpsA,0.9999999999999999,0.9826086956521739,0.0,1.0
195,ybhJ,0.6798245614035088,0.991304347826087,0.0,1.0
196,yccE,,1.0,0.0,1.0
197,gabD,0.49122807017543857,0.991304347826087,0.0,1.0
198,rbs,1.0,1.0,1.0,1.0
199,ynjD,,1.0,0.0,1.0
200,yceA,,1.0,0.0,1.0
201,ycfH.ptsG,,0.991304347826087,0.0,0.991304347826087
202,rna,0.9911504424778761,0.9826086956521739,0.0,1.0
203,galS,0.9690265486725663,0.9826086956521739,0.0,1.0
204,ptsP,0.9956140350877194,0.991304347826087,0.0,1.0
205,rssA.rssB,,1.0,0.0,1.0
206,yejM,0.7247023809523809,0.9739130434782609,0.0,1.0
207,slyD,,1.0,0.0,1.0
208,fnr.insH,0.9122807017543859,0.991304347826087,0.0,1.0
209,mfd,,1.0,0.0,1.0
210,metL,0.8709090909090909,0.9652173913043478,0.6,0.9818181818181818
211,gyrB,0.9912280701754386,0.991304347826087,0.0,1.0
212,secA,0.9778761061946902,0.991304347826087,0.5,1.0
213,hybB,1.0,1.0,1.0,1.0
214,mdh,0.9999999999999999,1.0,1.0,1.0
215,hrpA,0.7157738095238094,0.9739130434782609,0.0,1.0
216,prpR,,1.0,0.0,1.0
217,aroP,1.0,1.0,1.0,1.0
218,ybeB,0.9517543859649122,0.991304347826087,0.0,1.0
219,ymdC,0.793859649122807,0.991304347826087,0.0,1.0
220,ynjI,0.7038690476190476,0.9739130434782609,0.0,1.0
221,dcuB.dcuR,0.9868421052631579,0.991304347826087,0.0,1.0
222,focA.ycaO,0.7691441441441441,0.9652173913043478,0.0,1.0
223,gatA,0.986842105263158,0.991304347826087,0.0,1.0
224,gatY.fbaB,0.859090909090909,0.9565217391304348,0.0,1.0
225,pntB,0.9780701754385964,0.991304347826087,0.0,1.0
226,fruK,,1.0,0.0,1.0
227,isrC,,1.0,0.0,1.0
228,cmr,0.9429824561403509,0.9826086956521739,0.0,0.9912280701754386
229,yedX,0.5818584070796461,0.9826086956521739,0.0,1.0
230,pgaB,,1.0,0.0,1.0
231,yfgF,0.9868421052631579,0.991304347826087,0.0,1.0
232,hns.tdk,0.9956140350877194,0.9826086956521739,1.0,0.9824561403508771
233,yfbM,0.9956140350877193,0.991304347826087,0.0,1.0
234,dgsA,1.0,1.0,1.0,1.0
235,fucI,,1.0,0.0,1.0
236,ftsX,0.9756637168141593,0.9826086956521739,0.0,1.0
237,msbA,,1.0,0.0,1.0
238,mhpB,,1.0,0.0,1.0
239,wzzE,0.6745454545454544,0.9565217391304348,0.0,1.0
240,ogrK,0.9955357142857143,0.9739130434782609,0.0,1.0
241,nudE.yrfF,,1.0,0.0,1.0
242,potA,0.9956140350877194,0.991304347826087,1.0,0.9912280701754386
243,wzc,0.4649122807017544,0.991304347826087,0.0,1.0
244,folP,1.0,1.0,1.0,1.0
245,marR.1,,1.0,0.0,1.0
246,envR,,1.0,0.0,1.0
247,ydgI,0.9956140350877193,0.991304347826087,0.0,1.0
248,insK.glyS,,0.991304347826087,0.0,0.991304347826087
249,yaiT,0.9912280701754386,0.9826086956521739,0.0,0.9912280701754386
250,rpsL,,1.0,0.0,1.0
251,arcB,1.0,0.9565217391304348,0.0,1.0
252,ispF,,1.0,0.0,1.0
253,cyoB,0.9956140350877193,0.991304347826087,0.0,1.0
254,fliC,,1.0,0.0,1.0
255,cpxA,0.9956140350877193,0.991304347826087,0.0,1.0
256,hemA,,1.0,0.0,1.0
257,ispA,,1.0,0.0,1.0
258,thiQ,,1.0,0.0,1.0
259,cyaA,,1.0,0.0,1.0
260,kdtA,0.9912280701754386,0.9826086956521739,1.0,0.9824561403508771
261,pdxB,0.07017543859649122,0.991304347826087,0.0,1.0
262,acpP,0.27631578947368424,0.991304347826087,0.0,1.0
263,feoA,1.0,0.991304347826087,0.0,1.0
264,flhD,,1.0,0.0,1.0
265,lldR,1.0,1.0,1.0,1.0
266,nadR,0.9935747663551403,0.9652173913043478,0.75,0.9813084112149533
267,ilvB,,1.0,0.0,1.0
268,purF,,1.0,0.0,1.0
269,pitA,0.9868421052631579,0.991304347826087,0.0,1.0
270,yifN.ppiC,0.08333333333333337,0.991304347826087,0.0,1.0
271,alaS,,1.0,0.0,1.0
272,ycjF,0.7587719298245614,0.991304347826087,0.0,1.0
273,soxR,0.9557522123893806,0.9826086956521739,0.0,1.0
274,ycbZ,0.9999999999999999,0.9739130434782609,0.0,1.0
275,yjjK,0.9736842105263158,0.9652173913043478,0.0,0.9736842105263158
276,dcd,0.5570175438596492,0.991304347826087,0.0,1.0
277,yfiE,,1.0,0.0,1.0
278,rplF,0.9868421052631579,0.991304347826087,0.0,1.0
279,rpoD,0.8558700209643605,0.9478260869565217,0.3333333333333333,1.0
280,rimK.ybjN,0.5131578947368421,0.991304347826087,0.0,1.0
281,mprA.1,1.0,0.9739130434782609,0.0,1.0
282,nfsB,0.9933628318584071,0.9826086956521739,0.0,1.0
283,ybhF,,1.0,0.0,1.0
284,emrB,,1.0,0.0,1.0
285,ybbA,0.5307017543859649,0.991304347826087,0.0,1.0
286,tsf,,0.9826086956521739,0.0,0.9826086956521739
287,atpA,,1.0,0.0,1.0
288,marC,1.0,0.991304347826087,0.5,1.0
289,yjjM,0.9956140350877193,0.991304347826087,0.0,1.0
290,insL.lon,0.9092920353982301,0.9826086956521739,0.0,1.0
291,ybcQ,0.9955357142857143,0.9826086956521739,1.0,0.9821428571428571
292,insL.2.lon,0.9780701754385964,0.991304347826087,0.0,1.0
293,setA,0.9955357142857143,0.9739130434782609,0.0,1.0
294,insB.1,,1.0,0.0,1.0
295,ECB_01996,0.9955357142857143,0.991304347826087,1.0,0.9910714285714286
296,pflA.pflB,,1.0,0.0,1.0
297,ybiW,,1.0,0.0,1.0
298,ynjA,,1.0,0.0,1.0
299,ogrK.ECB_02013,0.7699115044247787,0.9826086956521739,0.0,1.0
300,entF,0.5653153153153153,0.9652173913043478,0.0,1.0
301,thrS,,1.0,0.0,1.0
302,ECB_01513.ECB_01523,0.8849557522123894,0.9826086956521739,0.0,1.0
303,gspF,0.7236842105263157,0.991304347826087,0.0,1.0
304,hokE,0.9605263157894737,0.991304347826087,0.0,1.0
305,pta,0.8849557522123893,0.9826086956521739,0.0,1.0
306,ECB_00736.ECB_00737,,1.0,0.0,1.0
307,nth.ydgR,0.881578947368421,0.991304347826087,0.0,1.0
308,puuP,0.33407079646017696,0.9826086956521739,0.0,1.0
309,hyfG,,1.0,0.0,1.0
310,ydcU,,1.0,0.0,1.0
311,ybeA,0.6359649122807017,0.991304347826087,0.0,1.0
312,ybjE,0.986842105263158,0.991304347826087,0.0,1.0
313,ECB_01413,,1.0,0.0,1.0
314,ydiJ,,1.0,0.0,1.0
315,murD,0.9780701754385965,0.991304347826087,0.0,1.0
316,valS,0.7836363636363637,0.9565217391304348,0.0,1.0
317,bamA,0.8245614035087719,0.991304347826087,0.0,1.0
318,cusA,0.988095238095238,0.9739130434782609,0.0,1.0
319,proA,0.07017543859649122,0.991304347826087,0.0,1.0
320,yagR,0.9956140350877193,0.991304347826087,0.0,1.0
321,ptsG,,1.0,0.0,1.0
322,ytfT,0.8947368421052632,0.991304347826087,0.0,1.0
323,serB,0.6271929824561404,0.991304347826087,0.0,1.0
324,dapF,,1.0,0.0,1.0
325,sapB,0.9732142857142858,0.9739130434782609,0.0,1.0
326,malT,0.9061488673139158,0.9391304347826087,0.4166666666666667,1.0
327,fhlA,,1.0,0.0,1.0
328,holE,,1.0,0.0,1.0
329,frvB,0.5219298245614035,0.991304347826087,0.0,1.0
330,yfgO,,1.0,0.0,1.0
331,rrlD,,1.0,0.0,1.0
332,tpx,1.0,1.0,1.0,1.0
333,atoS,0.986842105263158,0.991304347826087,0.0,1.0
334,pntA,0.37280701754385964,0.9565217391304348,0.0,0.9649122807017544
335,ispU,0.9780701754385965,0.991304347826087,0.0,1.0
336,htrE,0.5066371681415929,0.9826086956521739,0.0,1.0
337,corA,0.9868421052631579,0.9826086956521739,1.0,0.9824561403508771
338,ygeW,,0.991304347826087,0.0,0.991304347826087
339,prpE.codB,,1.0,0.0,1.0
340,gcd,0.9911504424778761,0.9826086956521739,0.0,1.0
341,ygiC,0.6283185840707965,0.9826086956521739,0.0,1.0
342,ycaL,0.9868421052631579,0.991304347826087,0.0,1.0
343,treA,0.6491228070175439,0.991304347826087,0.0,1.0
344,spr,,1.0,0.0,1.0
345,ygaH.mprA,1.0,0.991304347826087,0.0,1.0
346,yiaW,,1.0,0.0,1.0
347,yhdJ,,1.0,0.0,1.0
348,trkH.1,1.0,0.991304347826087,0.0,1.0
349,clcB,,1.0,0.0,1.0
350,folM.1,0.9911504424778762,0.9826086956521739,0.5,0.9911504424778761
351,pepT,,1.0,0.0,1.0
352,yaiV,0.9912280701754386,0.9826086956521739,0.0,0.9912280701754386
353,eptB,0.8434684684684685,0.9652173913043478,0.0,1.0
354,iscR,,1.0,0.0,1.0
355,fimD,1.0,0.9652173913043478,0.0,1.0
356,hybF,,1.0,0.0,1.0
357,leuS,0.5482456140350878,0.991304347826087,0.0,1.0
358,mdtO,,1.0,0.0,1.0
359,gntK,0.9605263157894737,0.991304347826087,0.0,1.0
360,ykfH,,1.0,0.0,1.0
361,bglJ,0.11842105263157893,0.991304347826087,0.0,1.0
362,nadB,0.7631578947368421,0.991304347826087,0.0,1.0
363,ilvG_1,,1.0,0.0,1.0
364,ydjO,0.9868421052631579,0.991304347826087,0.0,1.0
365,infC,,1.0,0.0,1.0
366,fepA.fes,,1.0,0.0,1.0
367,mreB,0.882882882882883,0.9652173913043478,0.0,1.0
368,metA.aceB,,1.0,0.0,1.0
369,pyrB,0.3827433628318584,0.9652173913043478,0.0,0.9823008849557522
370,ompC,0.9985119047619048,0.991304347826087,1.0,0.9910714285714286
371,rhlB,0.9889380530973453,0.9826086956521739,0.0,1.0
372,narG,0.48245614035087714,0.9565217391304348,0.0,0.9649122807017544
373,rpsL.1,,1.0,0.0,1.0
374,yaeH,,1.0,0.0,1.0
375,yffS,,1.0,0.0,1.0
376,yabP,0.26315789473684215,0.991304347826087,0.0,1.0
377,parE,0.6845238095238094,0.9739130434782609,0.0,1.0
378,kbaY,,1.0,0.0,1.0
379,ygbE,,1.0,0.0,1.0
380,carB,0.5482456140350878,0.991304347826087,0.0,1.0
381,yghA,0.6349557522123894,0.9826086956521739,0.0,1.0
382,rhsB,0.986842105263158,0.991304347826087,0.0,1.0
383,yegI,0.9553571428571429,0.9739130434782609,0.0,1.0
384,yghJ,0.9800884955752212,0.9826086956521739,0.0,1.0
385,fadE,0.9932432432432433,0.9826086956521739,0.75,0.990990990990991
386,leuA,,1.0,0.0,1.0
387,tilS.rof,0.9955357142857143,0.991304347826087,1.0,0.9910714285714286
388,motB,,1.0,0.0,1.0
389,vacJ,,1.0,0.0,1.0
390,gltI,0.5376106194690266,0.9826086956521739,0.0,1.0
391,ycbS,0.6096491228070176,0.991304347826087,0.0,1.0
392,glgP,0.8980952380952381,0.9130434782608695,0.0,1.0
393,yehU,0.7347094801223242,0.9478260869565217,0.0,1.0
394,pitB,,1.0,0.0,1.0
395,kpsD,0.888888888888889,0.9391304347826087,0.0,1.0
396,yeeN.asnW,0.6447368421052632,0.991304347826087,0.0,1.0
397,aspC.ompF,0.8728070175438597,0.991304347826087,0.0,1.0
398,pck,0.11842105263157893,0.991304347826087,0.0,1.0
399,ECB_02798,,1.0,0.0,1.0
400,wbbD,0.9955357142857143,0.9826086956521739,1.0,0.9821428571428571
401,ECB_02821,0.9911504424778761,0.9826086956521739,0.0,1.0
402,flhA,,1.0,0.0,1.0
403,manZ,0.14473684210526316,0.991304347826087,0.0,1.0
404,ydgR,0.6447368421052632,0.991304347826087,0.0,1.0
405,ydbD,,1.0,0.0,1.0
406,yfhK,0.894345238095238,0.9739130434782609,0.0,1.0
407,yigE.corA,0.4756637168141593,0.9826086956521739,0.0,1.0
408,acrD.yffB,0.6535087719298246,0.991304347826087,0.0,1.0
409,dnaG.rpoD,0.8815789473684211,0.991304347826087,0.0,1.0
410,infB,0.9077380952380952,0.9739130434782609,0.0,1.0
411,ydeJ,0.11842105263157893,0.991304347826087,0.0,1.0
412,ECB_02003,0.9955357142857143,0.9739130434782609,0.0,1.0
413,yeeJ,0.7654867256637168,0.9826086956521739,0.0,1.0
414,ppk,0.24122807017543857,0.991304347826087,0.0,1.0
415,ansP.yncG,0.6535087719298245,0.991304347826087,0.0,1.0
416,yneH,,1.0,0.0,1.0
417,ybbP,0.5376106194690266,0.9826086956521739,0.0,1.0
418,aroL,,1.0,0.0,1.0
419,ftsK,,1.0,0.0,1.0
420,eutA,0.9649122807017544,0.991304347826087,0.0,1.0
421,ihfA,,1.0,0.0,1.0
422,fepE,0.5929203539823009,0.9826086956521739,0.0,1.0
423,ravA,0.6238938053097345,0.9826086956521739,0.0,1.0
424,iscU,1.0,1.0,1.0,1.0
425,oxyR,0.5921052631578947,0.991304347826087,0.0,1.0
426,fabR,0.855263157894737,0.991304347826087,0.0,1.0
427,ygbM,0.9605263157894737,0.991304347826087,0.0,1.0
428,ynaI,0.6637168141592921,0.9826086956521739,0.0,1.0
429,rep,0.5043859649122807,0.991304347826087,0.0,1.0
430,bipA,0.37280701754385964,0.991304347826087,0.0,1.0
431,rplD.1,0.9342105263157894,0.991304347826087,0.0,1.0
432,ydeK,0.9956140350877193,0.991304347826087,0.0,1.0
433,yfjL.yfjM,,1.0,0.0,1.0
434,ygaZ,,1.0,0.0,1.0
435,matA.ykgL,,1.0,0.0,1.0
436,yeeL_2,,1.0,0.0,1.0
437,waaK,,1.0,0.0,1.0
438,psaA,0.9911504424778761,0.9826086956521739,0.0,1.0
439,typA,0.4385964912280702,0.991304347826087,0.0,1.0
440,iap,,1.0,0.0,1.0
441,putA,0.9956140350877194,0.991304347826087,0.0,1.0
442,rpsJ,1.0,1.0,1.0,1.0
443,mppA,0.18859649122807015,0.991304347826087,0.0,1.0
444,rlmE,,1.0,0.0,1.0
445,yejM.proL,0.7425595238095238,0.9739130434782609,0.0,1.0
446,aldA,,1.0,0.0,1.0
447,barA,0.8783185840707964,0.9826086956521739,0.0,1.0
448,atpB,,1.0,0.0,1.0
449,ydgC,0.9956140350877192,0.991304347826087,1.0,0.9912280701754386
450,nmpC,0.9921171171171171,0.9739130434782609,0.75,0.9819819819819819
451,ampH,0.9912280701754387,0.991304347826087,0.0,1.0
452,narZ,,1.0,0.0,1.0
453,yjjA,1.0,0.991304347826087,0.0,1.0
454,kgtP,,1.0,0.0,1.0
455,purE.lpxH,,1.0,0.0,1.0
456,csdA,0.6228070175438596,0.991304347826087,0.0,1.0
457,opgH,,0.9826086956521739,0.0,0.9826086956521739
458,dacB,0.662280701754386,0.991304347826087,0.0,1.0
459,rapA,0.8771929824561404,0.991304347826087,0.0,1.0
460,arpB,,1.0,0.0,1.0
461,rpsF,0.5657894736842106,0.991304347826087,0.0,1.0
462,phoP,0.5482456140350878,0.991304347826087,0.0,1.0
463,yhhH,0.9734513274336283,0.9826086956521739,0.0,1.0
464,glmU.atpC,0.9910714285714286,0.9739130434782609,0.0,1.0
465,yhdG.fis,0.9845132743362832,0.9826086956521739,0.0,1.0
466,caiA,0.9868421052631579,0.991304347826087,0.0,1.0
467,fadL,,1.0,0.0,1.0
468,phoH,0.10526315789473684,0.991304347826087,0.0,1.0
469,glnD,,1.0,0.0,1.0
470,yaeL,,1.0,0.0,1.0
471,yabN.setA,0.9868421052631579,0.991304347826087,0.0,1.0
472,ddl,0.986842105263158,0.991304347826087,0.0,1.0
473,yecP,,1.0,0.0,1.0
474,tldD,,1.0,0.0,1.0
475,ECB_02008,0.9955357142857144,0.991304347826087,1.0,0.9910714285714286
476,ebgA,,1.0,0.0,1.0
477,mntH.nupC,1.0,0.991304347826087,1.0,0.990990990990991
478,sufD,0.4821428571428571,0.9739130434782609,0.0,1.0
479,manX,0.4078947368421053,0.991304347826087,0.0,1.0
480,sdaC,0.6096491228070176,0.991304347826087,0.0,1.0
481,glpT,,1.0,0.0,1.0
482,truB,1.0,0.991304347826087,0.0,1.0
483,pbpG,0.6008771929824561,0.991304347826087,0.0,1.0
484,glpG,0.8495575221238938,0.9826086956521739,0.0,1.0
485,glpF,0.8154205607476634,0.9304347826086956,0.0,1.0
486,rpoH,0.7212389380530974,0.9826086956521739,0.0,1.0
487,znuA,,1.0,0.0,1.0
488,ECB_02804,0.618421052631579,0.991304347826087,0.0,1.0
489,dinG,0.38596491228070173,0.991304347826087,0.0,1.0
490,atoC,,1.0,0.0,1.0
491,yejA,0.030701754385964897,0.991304347826087,0.0,1.0
492,iclR,0.949685534591195,0.9652173913043478,0.5555555555555556,1.0
493,deaD,0.9912280701754386,0.9826086956521739,0.0,0.9912280701754386
494,crr,0.754424778761062,0.9826086956521739,0.0,1.0
495,dhaM,0.9092920353982301,0.9826086956521739,0.0,1.0
496,recO,0.9649122807017544,0.991304347826087,0.0,1.0
497,yeaH,0.3201754385964912,0.991304347826087,0.0,1.0
498,cobB,,1.0,0.0,1.0
499,ybdN,0.6096491228070176,0.991304347826087,0.0,1.0
500,lsrD,0.9649122807017544,0.991304347826087,0.0,1.0
501,nth.tppB,,1.0,0.0,1.0
502,rhtA,,1.0,0.0,1.0
503,pgm,,1.0,0.0,1.0
504,glnE,0.9910714285714286,0.9826086956521739,0.3333333333333333,1.0
505,mioC,,1.0,0.0,1.0
506,uhpA,1.0,1.0,1.0,1.0
507,uvrA,0.9517543859649122,0.991304347826087,0.0,1.0
508,uidA.uidR,,1.0,0.0,1.0
509,menC,0.9911504424778761,0.9826086956521739,0.0,1.0
510,insB,0.9736842105263157,0.991304347826087,0.0,1.0
511,yobD,,1.0,0.0,1.0
512,clpA,0.5952380952380952,0.9739130434782609,0.0,1.0
513,rffE,0.06140350877192979,0.991304347826087,0.0,1.0
514,adhP,,1.0,0.0,1.0
515,wcaA,,1.0,0.0,1.0
516,yeaR,,1.0,0.0,1.0
517,pgl,0.763274336283186,0.9826086956521739,0.0,1.0
518,ydfI,,1.0,0.0,1.0
519,yjhV.fecE,0.9956140350877193,0.991304347826087,0.0,1.0
520,mutT,0.5088495575221239,0.9826086956521739,0.0,1.0
521,yhhZ,0.9999999999999999,1.0,1.0,1.0
522,ydhZ.pykF,0.27631578947368424,0.991304347826087,0.0,1.0
523,yhjK,0.986842105263158,0.991304347826087,0.0,1.0
524,abgB,,1.0,0.0,1.0
525,rstA,0.7699115044247788,0.9826086956521739,0.0,1.0
526,cra.mraZ,1.0,0.991304347826087,0.0,1.0
527,mtlA,,1.0,0.0,1.0
528,nuoL,0.31140350877192985,0.991304347826087,0.0,1.0
529,ribD,1.0,0.991304347826087,0.0,1.0
530,bglF,0.9623893805309734,0.9826086956521739,0.0,1.0
531,ydcI,0.293859649122807,0.991304347826087,0.0,1.0
532,galE,,1.0,0.0,1.0
533,idnO,0.030701754385964897,0.991304347826087,0.0,1.0
534,alr,,1.0,0.0,1.0
535,aroK,0.3991228070175439,0.991304347826087,0.0,1.0
536,pnp,0.8859649122807017,0.991304347826087,0.0,1.0
537,ahpF,0.9867256637168141,0.9826086956521739,0.0,1.0
538,marA,0.9692982456140351,0.991304347826087,0.0,1.0
539,yrhC,0.986842105263158,0.991304347826087,0.0,1.0
540,kup,0.9851190476190478,0.9739130434782609,0.0,1.0
541,rpsM,0.9933628318584071,0.9826086956521739,0.0,1.0
542,asnB,,1.0,0.0,1.0
543,yagU,,1.0,0.0,1.0
544,djlA,,1.0,0.0,1.0
545,nupC.yfeA,0.9583333333333334,0.9652173913043478,0.5714285714285714,0.9907407407407407
546,fadH,,1.0,0.0,1.0
547,wzyE,0.8640350877192983,0.991304347826087,0.0,1.0
548,tktB,0.7324561403508771,0.991304347826087,0.0,1.0
549,yifB.ilvL,0.9229559748427673,0.9391304347826087,0.3333333333333333,0.9905660377358491
550,glmS,,1.0,0.0,1.0
551,ppiA,0.5570175438596492,0.991304347826087,0.0,1.0
552,wbbC,0.8671171171171173,0.9826086956521739,0.75,0.990990990990991
553,yqeA,0.8274336283185841,0.9826086956521739,0.0,1.0
554,yfcI,0.42105263157894735,0.991304347826087,0.0,1.0
555,uspA,0.9868421052631579,0.991304347826087,0.0,1.0
556,dnaA,0.9203539823008849,0.9826086956521739,0.0,1.0
557,ECB_02002,0.9955357142857144,0.9739130434782609,0.0,1.0
558,yedW,,1.0,0.0,1.0
559,lysP,0.5175438596491229,0.991304347826087,0.0,1.0
560,yfeY,0.27631578947368424,0.991304347826087,0.0,1.0
561,ygcN,,1.0,0.0,1.0
562,tap,,1.0,0.0,1.0
563,dusB,0.8728070175438596,0.991304347826087,0.0,1.0
564,wcaI,,1.0,0.0,1.0
565,napA,0.4956140350877193,0.991304347826087,0.0,1.0
566,frmR.yaiO,0.6261061946902654,0.9826086956521739,0.0,1.0
567,mreD,0.3008849557522124,0.9826086956521739,0.0,1.0
568,prc,0.34649122807017546,0.991304347826087,0.0,1.0
569,endA,,1.0,0.0,1.0
570,murA,,1.0,0.0,1.0
571,trkG,0.6488095238095237,0.9739130434782609,0.0,1.0
572,mdtJ,,0.9826086956521739,0.0,0.9826086956521739
573,ybeF,1.0,0.991304347826087,1.0,0.990990990990991
574,ygeH,0.9649122807017544,0.991304347826087,0.0,1.0
575,modE,0.4911504424778761,0.9826086956521739,0.0,1.0
576,fliF,,1.0,0.0,1.0
577,yehA,,1.0,0.0,1.0
578,manA,0.9734513274336283,0.9826086956521739,0.0,1.0
579,lhr,0.7763157894736842,0.991304347826087,0.0,1.0
580,rhsC,0.5043859649122807,0.9826086956521739,0.0,0.9912280701754386
581,cadA,0.754424778761062,0.991304347826087,0.5,1.0
582,ycfK,1.0,0.991304347826087,0.0,1.0
583,ftsE,0.9868421052631579,0.991304347826087,0.0,1.0
584,kup.insJ.5,0.9955357142857143,0.9826086956521739,1.0,0.9821428571428571
585,rbsD,0.9931192660550459,0.991304347826087,1.0,0.9908256880733946
586,rtcA,0.9868421052631579,0.991304347826087,0.0,1.0
587,rfe,0.4166666666666667,0.991304347826087,0.0,1.0
588,glgB,,1.0,0.0,1.0
589,yqeG,,1.0,0.0,1.0
590,yjiV,1.0,0.9652173913043478,0.0,1.0
591,mgtA,0.33771929824561403,0.991304347826087,0.0,1.0
592,flgK,0.9867256637168141,0.9826086956521739,0.0,1.0
593,acs.nrfA,0.331858407079646,0.9826086956521739,0.0,1.0
594,nagA,,1.0,0.0,1.0
595,panB,,1.0,0.0,1.0
596,yeaG,,1.0,0.0,1.0
597,rstB,0.3163716814159292,0.9826086956521739,0.0,1.0
598,thiP,0.0964912280701754,0.991304347826087,0.0,1.0
599,yaiW,0.9912280701754387,0.991304347826087,0.0,1.0
600,oppF,,1.0,0.0,1.0
601,nuoI,0.9956140350877193,0.991304347826087,0.0,1.0
602,yjbM,0.9254385964912282,0.991304347826087,0.0,1.0
603,amiD,,1.0,0.0,1.0
604,mipA,,1.0,0.0,1.0
605,fepA,0.9734513274336283,0.9826086956521739,0.0,1.0
606,yhhI,0.9911504424778762,0.9826086956521739,0.0,1.0
607,nirC,,1.0,0.0,1.0
608,narI.ychS,0.9933628318584071,0.9826086956521739,0.0,1.0
609,ybjN.potF,0.4004424778761062,0.9826086956521739,0.0,1.0
610,ytfN,0.9955357142857142,0.9826086956521739,1.0,0.9821428571428571
611,greA.dacB,,1.0,0.0,1.0
612,glgC,,1.0,0.0,1.0
613,ECB_01999,0.9955357142857143,0.991304347826087,1.0,0.9910714285714286
614,gor,0.9911504424778761,0.9826086956521739,0.0,1.0
615,rrlB,0.7149122807017544,0.991304347826087,0.0,1.0
616,metH,0.33454545454545453,0.9565217391304348,0.0,1.0
617,amn.yeeN,0.33333333333333337,0.991304347826087,0.0,1.0
618,proW,0.42920353982300885,0.9826086956521739,0.0,1.0
619,yraL,,1.0,0.0,1.0
620,yggG,0.9956140350877193,0.991304347826087,0.0,1.0
621,speB,0.3771929824561403,0.991304347826087,0.0,1.0
622,ygfK,0.5641592920353983,0.9826086956521739,0.0,1.0
623,dctA.yhjK,0.9955357142857142,0.9739130434782609,0.0,1.0
624,gltB,0.9535398230088494,0.9826086956521739,0.0,1.0
625,nuoM,0.6535087719298245,0.991304347826087,0.0,1.0
626,uraA,0.252212389380531,0.9826086956521739,0.0,1.0
627,glgA,0.9868421052631579,0.991304347826087,0.0,1.0
628,gspG,,1.0,0.0,1.0
629,yhiO.uspA,,1.0,0.0,1.0
630,ECB_02512,,1.0,0.0,1.0
631,yhiM.yhiN,0.6447368421052632,0.991304347826087,0.0,1.0
632,fhuA,,1.0,0.0,1.0
633,emrD,,0.991304347826087,0.0,0.991304347826087
634,ydgJ,,1.0,0.0,1.0
635,bcsC,0.9761904761904762,0.9739130434782609,0.0,1.0
636,glnS.ybfM,0.5219298245614035,0.991304347826087,0.0,1.0
637,ycbV,,1.0,0.0,1.0
638,guaB,0.9649122807017544,0.991304347826087,0.0,1.0
639,yeaN,,1.0,0.0,1.0
640,cydB,,0.991304347826087,0.0,0.991304347826087
641,rpsB,,1.0,0.0,1.0
642,hscA,1.0,1.0,1.0,1.0
643,fxsA,,1.0,0.0,1.0
644,abrB,0.3893805309734513,0.9826086956521739,0.0,1.0
645,citG,0.9911504424778761,0.9826086956521739,0.0,1.0
646,potC,0.9956140350877192,0.991304347826087,0.0,1.0
647,ibpB.yidE,1.0,1.0,1.0,1.0
648,yjiK,1.0,0.9652173913043478,0.0,1.0
649,yeiH,0.35526315789473684,0.991304347826087,0.0,1.0
650,yfdI,0.7719298245614036,0.9826086956521739,0.0,0.9912280701754386
651,ybiO,,1.0,0.0,1.0
652,ynfM,0.0482456140350877,0.991304347826087,0.0,1.0
653,murC,,1.0,0.0,1.0
654,gltX,,1.0,0.0,1.0
655,fhuB,,1.0,0.0,1.0
656,osmF,0.8333333333333334,0.991304347826087,0.0,1.0
657,pncB,0.9203539823008849,0.9826086956521739,0.0,1.0
658,sspA,,1.0,0.0,1.0
659,lepA,,1.0,0.0,1.0
660,fadJ,0.5929203539823009,0.9826086956521739,0.0,1.0
661,narU,0.5307017543859649,0.991304347826087,0.0,1.0
662,fes,0.3640350877192982,0.991304347826087,0.0,1.0
663,yhhJ,0.9911504424778761,0.9826086956521739,0.0,1.0
664,hslU,0.9992354740061161,0.991304347826087,0.8333333333333334,1.0
665,ldrC.chaA,0.9955357142857143,0.9826086956521739,1.0,0.9821428571428571
666,ybjD,0.5376106194690266,0.9826086956521739,0.0,1.0
667,araE,0.5482456140350878,0.991304347826087,0.0,1.0
668,purL.yfhD,0.7345132743362831,0.9826086956521739,0.0,1.0
669,ygdH.sdaC,,1.0,0.0,1.0
670,hycE,0.7149122807017544,0.991304347826087,0.0,1.0
671,yhiO,0.5752212389380531,0.9826086956521739,0.0,1.0
672,rplU.ispB,,1.0,0.0,1.0
673,malQ,1.0,1.0,1.0,1.0
674,rtn,0.6447368421052632,0.991304347826087,0.0,1.0
675,yjaH,0.9999999999999999,1.0,1.0,1.0
676,hypE,,1.0,0.0,1.0
677,yicC,0.45614035087719296,0.991304347826087,0.0,1.0
678,ECB_02800,,1.0,0.0,1.0
679,yiaG,,1.0,0.0,1.0
680,atpF,0.3421052631578947,0.991304347826087,0.0,1.0
681,sufI,,1.0,0.0,1.0
682,ygaF,,1.0,0.0,1.0
683,ydjE,,1.0,0.0,1.0
684,lpxK,0.9649122807017545,0.991304347826087,0.0,1.0
685,ybjL,0.7566371681415929,0.9826086956521739,0.0,1.0
686,yodB.serU,,1.0,0.0,1.0
687,rrmA,,1.0,0.0,1.0
688,yhhW,0.9690265486725663,0.9826086956521739,0.0,1.0
689,cdaR,,1.0,0.0,1.0
690,nuoG,0.29464285714285715,0.9739130434782609,0.0,1.0
691,rbsC,0.9909909909909911,0.9739130434782609,1.0,0.972972972972973
692,cspC,,1.0,0.0,1.0
693,asnS,0.7190265486725664,0.9826086956521739,0.0,1.0
694,dapB.caX,0.9956140350877193,0.991304347826087,0.0,1.0
695,cysK.ptsH,,1.0,0.0,1.0
696,hrpB,0.986842105263158,0.991304347826087,0.0,1.0
697,treB,0.7544642857142857,0.991304347826087,0.6666666666666666,1.0
698,yeaP,,1.0,0.0,1.0
699,ylbE_1,,1.0,0.0,1.0
700,elfC,,1.0,0.0,1.0
701,aroH,,1.0,0.0,1.0
702,speC,,1.0,0.0,1.0
703,rbbA,,0.9739130434782609,0.0,0.9739130434782609
704,rbsB,0.9931192660550459,0.9739130434782609,0.6666666666666666,0.9908256880733946
705,insL.2,,1.0,0.0,1.0
706,yjaG.hupA,0.7412280701754386,0.991304347826087,0.0,1.0
707,treF,0.9911504424778761,0.9826086956521739,0.0,1.0
708,ygaD,,1.0,0.0,1.0
709,atpC,1.0,0.991304347826087,0.0,1.0
710,yjcR,,1.0,0.0,1.0
711,dapA.gcvR,,1.0,0.0,1.0
712,ubiB,0.9868421052631579,0.991304347826087,0.0,1.0
713,yhhF,0.986842105263158,0.991304347826087,0.0,1.0
714,cusC,1.0,0.991304347826087,0.0,1.0
715,orn,,1.0,0.0,1.0
716,kch,,1.0,0.0,1.0
717,yjiN,0.9190909090909092,0.991304347826087,0.8,1.0
718,melA,,1.0,0.0,1.0
719,selA,,1.0,0.0,1.0
720,asmA,,1.0,0.0,1.0
721,fruA,,1.0,0.0,1.0
722,insH,,1.0,0.0,1.0
723,yraK,0.7632743362831858,0.9826086956521739,0.0,1.0
724,glf,,1.0,0.0,1.0
725,cfa,0.6973684210526316,0.991304347826087,0.0,1.0
726,lrp,0.9649122807017544,0.991304347826087,0.0,1.0
727,yobF,,1.0,0.0,1.0
728,gst,0.9956140350877193,0.991304347826087,0.0,1.0
729,perR,1.0,0.991304347826087,0.6666666666666666,1.0
730,yfeA,,1.0,0.0,1.0
731,ydeM,,1.0,0.0,1.0
732,borD,1.0,0.991304347826087,0.0,1.0
733,ggt,0.9955357142857142,0.9826086956521739,1.0,0.9821428571428571
734,zntA,0.9464285714285713,0.9739130434782609,0.0,1.0
735,ybcM,0.39035087719298245,0.991304347826087,0.0,1.0
736,yqaB,,1.0,0.0,1.0
737,sfmD,,1.0,0.0,1.0
738,nuoE,,1.0,0.0,1.0
739,yhiI,0.9911504424778762,0.9826086956521739,1.0,0.9823008849557522
740,murF,0.7035398230088497,0.9826086956521739,0.0,1.0
741,yaeJ,0.5307017543859649,0.991304347826087,0.0,1.0
742,poxA,,1.0,0.0,1.0
743,glpE,0.9933628318584071,0.9826086956521739,0.0,1.0
744,yjeH.groS,0.8728070175438597,0.991304347826087,0.0,1.0
745,uvrD,0.2675438596491228,0.991304347826087,0.0,1.0
746,yjhC,0.6447368421052632,0.991304347826087,0.0,1.0
747,argE.argC,,1.0,0.0,1.0
748,yjcF,,1.0,0.0,1.0
749,yraM,0.11842105263157893,0.991304347826087,0.0,1.0
750,glgX,0.9692982456140351,0.991304347826087,0.0,1.0
751,ybhN,0.31858407079646023,0.9826086956521739,0.0,1.0
752,arnT,0.39035087719298245,0.991304347826087,0.0,1.0
753,yjgQ,0.5921052631578948,0.991304347826087,0.0,1.0
754,udp,,1.0,0.0,1.0
755,yneF,0.9649122807017545,0.991304347826087,0.0,1.0
756,fabD,0.8185840707964601,0.9826086956521739,0.0,1.0
757,yicH,,1.0,0.0,1.0
758,wecH,0.956140350877193,0.991304347826087,0.0,1.0
759,yhbW,0.6403508771929824,0.991304347826087,0.0,1.0
760,fepB,0.5131578947368421,0.991304347826087,0.0,1.0
761,pstC,1.0,0.991304347826087,0.0,1.0
762,yebO,,1.0,0.0,1.0
763,ycjM,,1.0,0.0,1.0
764,yiaN,,1.0,0.0,1.0
765,evgA,,1.0,0.0,1.0
766,katE,0.986842105263158,0.991304347826087,0.0,1.0
767,ydgD,0.06578947368421056,0.991304347826087,0.0,1.0
768,ybcV,0.9513274336283186,0.9826086956521739,0.0,1.0
769,ybhG,,1.0,0.0,1.0
770,gabP,,1.0,0.0,1.0
771,sfmH,0.34649122807017546,0.991304347826087,0.0,1.0
772,ycdY,,1.0,0.0,1.0
773,yihQ,0.9868421052631579,0.991304347826087,0.0,1.0
774,ycfQ,0.19736842105263158,0.991304347826087,0.0,1.0
775,yhiJ,0.986842105263158,0.9739130434782609,1.0,0.9736842105263158
776,rbsR,0.9931192660550459,0.9739130434782609,0.6666666666666666,0.9908256880733946
777,hsdM,1.0,1.0,1.0,1.0
778,ydgR.gst,,1.0,0.0,1.0
779,cusS,0.9880952380952381,0.9739130434782609,0.0,1.0
780,yafE,0.986842105263158,0.991304347826087,0.0,1.0
781,nrfG.gltP,0.84375,0.9739130434782609,0.0,1.0
782,lptB,0.17543859649122806,0.991304347826087,0.0,1.0
783,dppD,,1.0,0.0,1.0
784,ECB_04076,0.6447368421052632,0.991304347826087,0.0,1.0
785,yjeP,0.09210526315789475,0.991304347826087,0.0,1.0
786,ECB_00624,0.9868421052631579,0.991304347826087,0.0,1.0
787,adhE,0.5526315789473684,0.991304347826087,0.0,1.0
788,yjiPQ,0.9955357142857143,0.9739130434782609,0.0,1.0
789,uxuB,1.0,1.0,1.0,1.0
790,idnR,,1.0,0.0,1.0
791,fadD,0.9298245614035088,0.991304347826087,0.0,1.0
792,gltT,0.39473684210526316,0.991304347826087,0.0,1.0
793,yeeE,1.0,0.991304347826087,0.0,1.0
794,ybaK,0.7807017543859649,0.991304347826087,0.0,1.0
795,yhiD,0.986842105263158,0.991304347826087,0.0,1.0
796,maeA,1.0,0.991304347826087,0.0,1.0
797,osmE,0.986842105263158,0.991304347826087,0.0,1.0
798,rrsG.clpB,,1.0,0.0,1.0
799,yaiY,,1.0,0.0,1.0
800,ybcW,0.992117117117117,0.9739130434782609,0.75,0.9819819819819819
801,ygbN,0.9561403508771931,0.991304347826087,0.0,1.0
802,csgC.ymdA,,1.0,0.0,1.0
803,hypF,0.9211309523809523,0.9739130434782609,0.0,1.0
804,ptrA,0.5307017543859649,0.991304347826087,0.0,1.0
805,cyoC,,1.0,0.0,1.0
806,yhiL,,1.0,0.0,1.0
807,yieO,0.8697089947089947,0.9652173913043478,0.5714285714285714,0.9907407407407407
808,ebgR,0.993362831858407,0.9826086956521739,0.0,1.0
809,rnd,0.02631578947368418,0.991304347826087,0.0,1.0
810,gltA,0.9955357142857143,0.991304347826087,1.0,0.9910714285714286
811,ECB_00512,0.9911504424778761,0.9826086956521739,0.0,1.0
812,ybaJ,,1.0,0.0,1.0
813,metA,0.9956140350877193,0.991304347826087,0.0,1.0
814,rpsC,0.4429824561403509,0.991304347826087,0.0,1.0
815,hsdR,1.0,0.9652173913043478,0.0,1.0
816,rhsA,0.9868421052631579,0.991304347826087,0.0,1.0
817,aspA,1.0,0.991304347826087,0.0,1.0
818,bcsB,,1.0,0.0,1.0
819,recE,0.8606194690265487,0.9826086956521739,0.0,1.0
820,mukB,0.6902654867256637,0.9826086956521739,0.0,1.0
821,yecN,0.9298245614035088,0.991304347826087,0.0,1.0
822,galF,0.9177927927927927,0.9826086956521739,0.75,0.990990990990991
823,rhsD,,1.0,0.0,1.0
824,exuR,,1.0,0.0,1.0
825,sppA,0.986842105263158,0.991304347826087,0.0,1.0
826,hcr,,1.0,0.0,1.0
827,nlpI.pnp,0.9999999999999999,0.991304347826087,0.0,1.0
828,yobH,,1.0,0.0,1.0
829,tqsA,0.6842105263157895,0.991304347826087,0.0,1.0
830,yedE,0.9956140350877193,0.991304347826087,0.0,1.0
831,fadL.yfdF,0.6842105263157895,0.991304347826087,0.0,1.0
832,yaiZ,,1.0,0.0,1.0
833,mutS,0.9780701754385965,0.991304347826087,0.0,1.0
834,grxB,,1.0,0.0,1.0
835,bglX,0.9868421052631579,0.991304347826087,0.0,1.0
836,plaP,,1.0,0.0,1.0
837,yhiM,0.9868421052631579,0.9739130434782609,1.0,0.9736842105263158
838,nmpC.ECB_00513,0.9933628318584071,0.9826086956521739,0.0,1.0
839,sdaA,,1.0,0.0,1.0
840,infA,0.9955357142857142,0.9739130434782609,0.0,1.0
841,thrS.arpB,,1.0,0.0,1.0
842,dsbG,0.9868421052631579,0.991304347826087,0.0,1.0
843,actP,0.3201754385964912,0.991304347826087,0.0,1.0
844,yjcC,,1.0,0.0,1.0
845,IS1_insB.ESCRE4497,0.8728070175438597,0.991304347826087,0.0,1.0
846,ECB_04210,,1.0,0.0,1.0
847,mak,,1.0,0.0,1.0
848,ycbB,0.8377192982456141,0.991304347826087,0.0,1.0
849,allD,0.9956140350877193,0.991304347826087,0.0,1.0
850,mcrC,0.9955357142857143,0.991304347826087,1.0,0.9910714285714286
851,malI.malX,,1.0,0.0,1.0
852,glnB,0.9649122807017544,0.991304347826087,0.0,1.0
853,narH,,1.0,0.0,1.0
854,gadA,0.9911504424778761,0.9826086956521739,0.0,1.0
855,asnU,,1.0,0.0,1.0
856,glxR,0.9690265486725663,0.9826086956521739,0.0,1.0
857,pflB,0.9933628318584071,0.9826086956521739,0.0,1.0
858,kdgR,,1.0,0.0,1.0
859,speF,0.03947368421052633,0.991304347826087,0.0,1.0
860,rcsC,0.9956140350877194,0.991304347826087,0.0,1.0
861,ddlA,0.986842105263158,0.991304347826087,0.0,1.0
862,lolC,0.9999999999999999,0.991304347826087,0.0,1.0
863,lolE,,1.0,0.0,1.0
864,yhiN,0.986842105263158,0.991304347826087,0.0,1.0
865,citC.gatZ,0.9933628318584071,0.9826086956521739,0.0,1.0
866,rrlA,0.9955357142857143,0.9826086956521739,1.0,0.9821428571428571
867,narP.ccmH,,1.0,0.0,1.0
868,pheS.pheM,0.9955357142857143,0.9826086956521739,1.0,0.9821428571428571
869,gltL.insJ.2,,1.0,0.0,1.0
870,gcl,0.9868421052631579,0.991304347826087,0.0,1.0
871,yjhA,,1.0,0.0,1.0
872,yjgN,,1.0,0.0,1.0
873,ampG,0.16666666666666663,0.991304347826087,0.0,1.0
874,prpD,,1.0,0.0,1.0
875,ynfF,,1.0,0.0,1.0
876,uvrC,0.9868421052631579,0.991304347826087,0.0,1.0
877,yfhG,0.9649122807017544,0.991304347826087,0.0,1.0
878,hycB,0.4122807017543859,0.991304347826087,0.0,1.0
879,nikD,0.9868421052631577,0.991304347826087,0.0,1.0
880,pepN,,1.0,0.0,1.0
881,yiaK,0.9999999999999999,0.991304347826087,0.0,1.0
882,ygcU,0.9956140350877193,0.991304347826087,0.0,1.0
883,proP,0.506637168141593,0.9826086956521739,0.0,1.0
884,mltB,,1.0,0.0,1.0
885,yqiK,,1.0,0.0,1.0
886,iraP,,1.0,0.0,1.0
887,dnaE,1.0,0.991304347826087,0.0,1.0
888,ymfD,,1.0,0.0,1.0
889,treA.dhaM,,1.0,0.0,1.0
890,ccmB,,1.0,0.0,1.0
891,ECB_02200.nuoN,0.9955357142857144,0.9826086956521739,1.0,0.9821428571428571
892,ECB_02013,0.9955357142857143,0.9826086956521739,1.0,0.9821428571428571
893,ykgF,0.9868421052631579,0.991304347826087,0.0,1.0
894,cysQ,,1.0,0.0,1.0
895,cynX,0.9342105263157894,0.991304347826087,0.0,1.0
896,kefA,0.9780701754385965,0.991304347826087,0.0,1.0
897,ydbH,,1.0,0.0,1.0
898,yniA,0.75,0.9826086956521739,0.0,1.0
899,yeaI,,1.0,0.0,1.0
900,csgG,0.986842105263158,0.991304347826087,0.0,1.0
901,nagE,,1.0,0.0,1.0
902,fabG.acpP,,1.0,0.0,1.0
903,yrfF,,1.0,0.0,1.0
904,yjaB,,1.0,0.0,1.0
905,phnC,,1.0,0.0,1.0
906,yjhP,,1.0,0.0,1.0
907,rfbA,0.7945454545454546,0.9652173913043478,0.6,0.9818181818181818
908,gatY,,1.0,0.0,1.0
909,ygcE.ygcF,0.9956140350877193,0.991304347826087,0.0,1.0
910,cysI,,1.0,0.0,1.0
911,araG,,1.0,0.0,1.0
912,astB,,1.0,0.0,1.0
913,phoA,0.03947368421052633,0.991304347826087,0.0,1.0
914,ldcC,0.5464601769911505,0.9826086956521739,0.0,1.0
915,uspB,,1.0,0.0,1.0
916,yadG,0.7035398230088495,0.9826086956521739,0.0,1.0
917,rihB,,1.0,0.0,1.0
918,yedV,0.986842105263158,0.991304347826087,0.0,1.0
919,tolR,,1.0,0.0,1.0
920,tauD.hemB,0.9868421052631579,0.991304347826087,0.0,1.0
921,ybiV,0.6447368421052632,0.991304347826087,0.0,1.0
922,lacI,0.04824561403508776,0.991304347826087,0.0,1.0
923,yeaJ,,1.0,0.0,1.0
924,aspS,0.3771929824561403,0.991304347826087,0.0,1.0
925,kdpB,0.46929824561403505,0.991304347826087,0.0,1.0
926,fnr,,1.0,0.0,1.0
927,dppF,,1.0,0.0,1.0
928,ycjT,0.4517543859649123,0.991304347826087,0.0,1.0
929,yieG,0.5394736842105263,0.991304347826087,0.0,1.0
930,yjdL,,1.0,0.0,1.0
931,yrbD,0.9298245614035088,0.991304347826087,0.0,1.0
932,cusR,0.993362831858407,0.9826086956521739,0.0,1.0
933,ychM,,1.0,0.0,1.0
934,ygeY,0.9956140350877193,0.991304347826087,0.0,1.0
935,ydgH,,1.0,0.0,1.0
936,pepD,0.03508771929824561,0.991304347826087,0.0,1.0
937,psiF,,1.0,0.0,1.0
938,malP,,1.0,0.0,1.0
939,narX,0.986842105263158,0.991304347826087,0.0,1.0
940,chbF,,1.0,0.0,1.0
941,mutL,0.675595238095238,0.9739130434782609,0.0,1.0
942,smp.serB,0.9955357142857143,0.9826086956521739,1.0,0.9821428571428571
943,insJ.3.cysH,0.9780701754385964,0.991304347826087,0.0,1.0
944,lysQ,,1.0,0.0,1.0
945,ybgQ,0.986842105263158,0.991304347826087,0.0,1.0
946,ydcM,,1.0,0.0,1.0
947,yeaM,,1.0,0.0,1.0
948,dgoT,,1.0,0.0,1.0
949,ydcF,,1.0,0.0,1.0
950,cutA,0.9649122807017545,0.991304347826087,0.0,1.0
951,rplJ,,1.0,0.0,1.0
952,rpoN,0.9298245614035088,0.991304347826087,0.0,1.0
953,ycgB.dadA,,1.0,0.0,1.0
954,yhfZ,,1.0,0.0,1.0
955,cynR,0.2850877192982456,0.991304347826087,0.0,1.0
956,adrA,,1.0,0.0,1.0
957,ycgG,0.9868421052631579,0.991304347826087,0.0,1.0
958,nrdG,0.4736842105263158,0.991304347826087,0.0,1.0
959,manB.cpsG,0.9933628318584071,0.9826086956521739,0.0,1.0
960,tdcR.yhaB,0.27192982456140347,0.991304347826087,0.0,1.0
961,ynaK.ECB_01341,0.9955357142857142,0.991304347826087,1.0,0.9910714285714286
962,ybiX.ybiL,,1.0,0.0,1.0
963,ruvB,,1.0,0.0,1.0
964,torZ,,1.0,0.0,1.0
965,ynbC,0.9956140350877193,0.991304347826087,0.0,1.0
966,yjiJ,0.9808558558558558,0.9826086956521739,0.75,0.990990990990991
967,gspE,0.368421052631579,0.991304347826087,0.0,1.0
968,ynbD,,1.0,0.0,1.0
969,ybgL,,1.0,0.0,1.0
970,bcsG,,0.9826086956521739,0.0,0.9826086956521739
971,yehQ,,1.0,0.0,1.0
972,appY,1.0,0.991304347826087,0.0,1.0
973,proC,,1.0,0.0,1.0
974,ddpD,,1.0,0.0,1.0
975,rpsG,0.990990990990991,0.9739130434782609,0.75,0.9819819819819819
976,ompN.ydbK,0.9955357142857142,0.9739130434782609,0.0,1.0
977,ddpF,0.831858407079646,0.9826086956521739,0.0,1.0
978,fdhD,0.2850877192982456,0.991304347826087,0.0,1.0
979,wcaC,0.8070175438596491,0.991304347826087,0.0,1.0
980,yeeU,,0.9652173913043478,0.0,0.9652173913043478
981,chiA,0.5287610619469026,0.9826086956521739,0.0,1.0
982,malS,0.3141592920353982,0.9826086956521739,0.0,1.0
983,gltF,,1.0,0.0,1.0
984,dinQ.arsR,,1.0,0.0,1.0
985,yeiT,,1.0,0.0,1.0
986,yaeF,,1.0,0.0,1.0
987,ompT,1.0,0.991304347826087,0.0,1.0
988,b3783.b4403,,1.0,0.0,1.0
989,ybgJ,0.3640350877192982,0.991304347826087,0.0,1.0
990,uxaB,,1.0,0.0,1.0
991,prlC,0.9911504424778762,0.9826086956521739,0.0,1.0
992,yhgI.gntT,0.9868421052631579,0.991304347826087,0.0,1.0
993,rplS,0.9955357142857143,0.991304347826087,1.0,0.9910714285714286
994,acpD,0.9955357142857143,0.991304347826087,1.0,0.9910714285714286
995,pqiB,0.27192982456140347,0.991304347826087,0.0,1.0
996,ulaG,1.0,0.991304347826087,0.0,1.0
997,maa,0.9780701754385964,0.991304347826087,0.0,1.0
998,ybbD,,1.0,0.0,1.0
999,sapA,0.8230088495575222,0.9826086956521739,0.0,1.0
1000,cho,,1.0,0.0,1.0
1001,ansA,,1.0,0.0,1.0
1002,yiaY,,1.0,0.0,1.0
1003,yphG,0.8421052631578948,0.991304347826087,0.0,1.0
1004,rnr,0.03947368421052633,0.991304347826087,0.0,1.0
1005,dnaQ,,1.0,0.0,1.0
1006,ycjS,0.4780701754385965,0.991304347826087,0.0,1.0
1007,ydaM,,1.0,0.0,1.0
1008,cpdB,,1.0,0.0,1.0
1009,oxc,0.7280701754385965,0.991304347826087,0.0,1.0
1010,rlmJ,,1.0,0.0,1.0
1011,pflC,0.6875,0.9739130434782609,0.0,1.0
1012,ECB_02816,0.9955357142857143,0.9826086956521739,1.0,0.9821428571428571
1013,yeeP.flu,0.9955357142857142,0.9826086956521739,1.0,0.9821428571428571
1014,insL.5,,1.0,0.0,1.0
1015,yfiR,,1.0,0.0,1.0
1016,rimJ,,1.0,0.0,1.0
1017,IS3_insE.serX,,1.0,0.0,1.0
1018,ydfP,0.9999999999999999,0.991304347826087,1.0,0.990990990990991
1019,yehY,,1.0,0.0,1.0
1020,fimH,1.0,0.9652173913043478,0.0,1.0
1021,fumC,0.5398230088495575,0.9826086956521739,0.0,1.0
1022,yheS,,1.0,0.0,1.0
1023,yeaZ,,1.0,0.0,1.0
1024,glyQ,0.9956140350877193,0.991304347826087,0.0,1.0
1025,envY,1.0,0.991304347826087,0.0,1.0
1026,ydjI,,1.0,0.0,1.0
1027,kup.insJ,0.993362831858407,0.9826086956521739,0.0,1.0
1028,rpsD,0.9800884955752213,0.9826086956521739,0.0,1.0
1029,hdfR.yifE,0.9955357142857143,0.9826086956521739,1.0,0.9821428571428571
1030,ydhV,0.9955357142857143,0.9739130434782609,0.0,1.0
1031,ylaC,0.986842105263158,0.991304347826087,0.0,1.0
1032,rof,0.17105263157894735,0.991304347826087,0.0,1.0
1033,ybaP,,1.0,0.0,1.0
1034,yjiK.yjiL,0.9649122807017544,0.991304347826087,0.0,1.0
1035,mdtF,0.3114035087719298,0.991304347826087,0.0,1.0
1036,yhfW,,1.0,0.0,1.0
1037,cheR,,1.0,0.0,1.0
1038,sgbU,0.9956140350877193,0.991304347826087,0.0,1.0
1039,yffP.yffQ,,1.0,0.0,1.0
1040,yejG.bcr,0.986842105263158,0.991304347826087,0.0,1.0
1041,ybcH,0.9999999999999999,0.991304347826087,0.0,1.0
1042,yajO,0.293859649122807,0.991304347826087,0.0,1.0
1043,ydeU,0.37280701754385964,0.991304347826087,0.0,1.0
1044,cheA,,1.0,0.0,1.0
1045,yhbE.rpmA,0.9955357142857143,0.9826086956521739,1.0,0.9821428571428571
1046,ybaM.priC,0.986842105263158,0.991304347826087,0.0,1.0
1047,yceF,,1.0,0.0,1.0
1048,sufS,,1.0,0.0,1.0
1049,flgG,,1.0,0.0,1.0
1050,ydiR,,1.0,0.0,1.0
1051,ugpA,0.9911504424778761,0.9826086956521739,0.0,1.0
1052,atoA,0.986842105263158,0.991304347826087,0.0,1.0
1053,cysD,,1.0,0.0,1.0
1054,yiaU,0.9956140350877193,0.991304347826087,0.0,1.0
1055,ravA.kup,0.8421052631578947,0.991304347826087,0.0,1.0
1056,gltP.yjcO,,1.0,0.0,1.0
1057,nfrA,0.9845132743362832,0.9826086956521739,0.0,1.0
1058,yajR,,1.0,0.0,1.0
1059,ftnB.yecJ,,1.0,0.0,1.0
1060,feoB,0.5132743362831858,0.9826086956521739,0.0,1.0
1061,ygjG,,1.0,0.0,1.0
1062,aroD,,1.0,0.0,1.0
1063,ytfR,0.986842105263158,0.991304347826087,0.0,1.0
1064,phoU,,1.0,0.0,1.0
1065,tus,0.2809734513274336,0.9826086956521739,0.0,1.0
1066,ilvC,,1.0,0.0,1.0
1067,nfrB,1.0,0.991304347826087,0.0,1.0
1068,stfR,1.0,1.0,1.0,1.0
1069,ydeT,,1.0,0.0,1.0
1070,yqjK,,1.0,0.0,1.0
1071,ybdR,0.986842105263158,0.991304347826087,0.0,1.0
1072,ygjR.psrN,0.9649122807017544,0.991304347826087,0.0,1.0
1073,envC,,1.0,0.0,1.0
1074,amiA,0.5921052631578948,0.991304347826087,0.0,1.0
1075,yjbH,,1.0,0.0,1.0
1076,yihG.polA,0.9956140350877193,0.991304347826087,0.0,1.0
1077,feaB,1.0,0.991304347826087,0.0,1.0
1078,smtA,,1.0,0.0,1.0
1079,arsR,0.9868421052631579,0.991304347826087,0.0,1.0
1080,cycA,0.9955357142857143,0.991304347826087,1.0,0.9910714285714286
1081,yghB,0.986842105263158,0.991304347826087,0.0,1.0
1082,ydjG,,1.0,0.0,1.0
1083,cdd,0.5307017543859649,0.991304347826087,0.0,1.0
1084,fdoG,,1.0,0.0,1.0
1085,nac,0.39035087719298245,0.991304347826087,0.0,1.0
1086,yihM,0.9956140350877193,0.991304347826087,0.0,1.0
1087,rlmB.yjfI,,1.0,0.0,1.0
1088,recN,,1.0,0.0,1.0
1089,cynT,0.5154867256637168,0.9826086956521739,0.0,1.0
1090,cbrA,,1.0,0.0,1.0
1091,dld,,1.0,0.0,1.0
1092,arsB,0.986842105263158,0.991304347826087,0.0,1.0
1093,cca.uppP,,1.0,0.0,1.0
1094,ECB_02001,0.9955357142857142,0.991304347826087,1.0,0.9910714285714286
1095,ydiD,0.9868421052631579,0.991304347826087,0.0,1.0
1096,ybcU.ECB_00510,0.986842105263158,0.991304347826087,0.0,1.0
1097,ylbF,,1.0,0.0,1.0
1098,yebT,1.0,0.991304347826087,0.0,1.0
1099,malS.avtA,0.6666666666666666,0.991304347826087,0.0,1.0
1100,glmU,0.8596491228070176,0.991304347826087,0.0,1.0
1101,nlpD,,0.991304347826087,0.0,0.991304347826087
1102,ygfM,,1.0,0.0,1.0
1103,pheS,,1.0,0.0,1.0
1104,ssuB,,1.0,0.0,1.0
1105,arsC,0.9868421052631579,0.991304347826087,0.0,1.0
1106,ykgA,0.7699115044247787,0.9826086956521739,0.0,1.0
1107,yrfE,,1.0,0.0,1.0
1108,intD,1.0,0.991304347826087,0.0,1.0
1109,fadI,0.543859649122807,0.991304347826087,0.0,1.0
1110,metK.galP,,1.0,0.0,1.0
1111,ydcK,0.9868421052631579,0.991304347826087,0.0,1.0
1112,tar,0.7192982456140351,0.991304347826087,0.0,1.0
1113,acnA,0.7721238938053098,0.9826086956521739,0.0,1.0
1114,nrfD,0.9956140350877193,0.991304347826087,0.0,1.0
1115,yjhI,,1.0,0.0,1.0
1116,ypfJ,,1.0,0.0,1.0
1117,yhiS,0.9868421052631579,0.991304347826087,0.0,1.0
1118,yahJ,0.986842105263158,0.991304347826087,0.0,1.0
1119,yciQ,0.5745614035087719,0.991304347826087,0.0,1.0
1120,fepD,0.9780701754385965,0.991304347826087,0.0,1.0
1121,xapB,,1.0,0.0,1.0
1122,yhfX,,1.0,0.0,1.0
1123,rffD,0.9780701754385965,0.991304347826087,0.0,1.0
1124,creD,,1.0,0.0,1.0
1125,cusB,1.0,0.991304347826087,0.0,1.0
1126,yebK,,1.0,0.0,1.0
1127,IS1,0.9933628318584071,0.9826086956521739,0.0,1.0
1128,waaT,0.9955357142857143,0.9826086956521739,1.0,0.9821428571428571
1129,mepA,0.9955357142857143,0.9739130434782609,0.0,1.0
1130,yehM,0.9940476190476191,0.9739130434782609,0.0,1.0
1131,entE,0.9911504424778761,0.9826086956521739,0.0,1.0
1132,idi,0.059734513274336265,0.9826086956521739,0.0,1.0
1133,focA,1.0,0.991304347826087,0.0,1.0
1134,gcvR,0.27631578947368424,0.991304347826087,0.0,1.0
1135,cstA,0.9868421052631579,0.991304347826087,0.0,1.0
1136,intA,,1.0,0.0,1.0
1137,ydiY,,1.0,0.0,1.0
1138,ycjC,,1.0,0.0,1.0
1139,hyfB,,1.0,0.0,1.0
1140,ygfU,,1.0,0.0,1.0
1141,yehB,1.0,0.991304347826087,0.0,1.0
1142,ybhR,0.9956140350877193,0.991304347826087,0.0,1.0
1143,pheP,0.993362831858407,0.9826086956521739,0.0,1.0
1144,slp,0.9868421052631579,0.991304347826087,0.0,1.0
1145,yeeI,,1.0,0.0,1.0
1146,citT,0.9955357142857143,0.991304347826087,1.0,0.9910714285714286
1147,bioC,0.9868421052631579,0.991304347826087,0.0,1.0
1148,aslA,,0.991304347826087,0.0,0.991304347826087
1149,cydD,0.993362831858407,0.9826086956521739,0.0,1.0
1150,mnmG,,1.0,0.0,1.0
1151,hypD,,1.0,0.0,1.0
1152,ybdG,0.9800884955752213,0.9826086956521739,0.0,1.0
1153,nrdA,,1.0,0.0,1.0
1154,ygaM,,1.0,0.0,1.0
1155,fhuE,0.5219298245614035,0.991304347826087,0.0,1.0
1156,yahK,0.2675438596491228,0.991304347826087,0.0,1.0
1157,fimA,1.0,1.0,1.0,1.0
1158,purL,0.986842105263158,0.991304347826087,0.0,1.0
1159,ydcR,,1.0,0.0,1.0
1160,ECB_00735,,1.0,0.0,1.0
1161,yhhN,0.986842105263158,0.991304347826087,0.0,1.0
1162,yhaM,,1.0,0.0,1.0
1163,ycaC,,1.0,0.0,1.0
1164,ddpA,,1.0,0.0,1.0
1165,ydiS,0.986842105263158,0.991304347826087,0.0,1.0
1166,argZ.argY,,1.0,0.0,1.0
1167,trg,0.4712389380530973,0.9826086956521739,0.0,1.0
1168,yfiQ,0.9780701754385963,0.991304347826087,0.0,1.0
1169,yfiH,0.9955357142857143,0.9739130434782609,0.0,1.0
1170,ybeD,0.46017699115044247,0.9826086956521739,0.0,1.0
1171,nrdE,0.9649122807017545,0.991304347826087,0.0,1.0
1172,ydiU,0.986842105263158,0.991304347826087,0.0,1.0
1173,tdcG,0.4956140350877193,0.991304347826087,0.0,1.0
1174,lepB,1.0,0.991304347826087,0.0,1.0
1175,atoE,,1.0,0.0,1.0
1176,ycaN,0.2149122807017544,0.991304347826087,0.0,1.0
1177,ybdF,0.9800884955752212,0.9826086956521739,0.0,1.0
1178,dosP,1.0,1.0,1.0,1.0
1179,yjhB,,1.0,0.0,1.0
1180,ascB,,1.0,0.0,1.0
1181,hdeB,0.986842105263158,0.991304347826087,0.0,1.0
1182,ECB_03822,0.9955357142857143,0.9826086956521739,1.0,0.9821428571428571
1183,mglB,,1.0,0.0,1.0
1184,mcrB,0.9955357142857143,0.991304347826087,1.0,0.9910714285714286
1185,wcaK,0.9955357142857143,0.9826086956521739,1.0,0.9821428571428571
1186,ftsA,,1.0,0.0,1.0
1187,ybdJ,0.9800884955752213,0.9826086956521739,0.0,1.0
1188,pqqL,0.4166666666666667,0.991304347826087,0.0,1.0
1189,yphH,,1.0,0.0,1.0
1190,ygbL,,1.0,0.0,1.0
1191,amiC,0.9955357142857143,0.9739130434782609,0.0,1.0
1192,yejH,0.986842105263158,0.9826086956521739,0.0,0.9912280701754386
1193,kefB,,1.0,0.0,1.0
1194,yeaE,0.5526315789473684,0.991304347826087,0.0,1.0
1195,citC,0.9780701754385966,0.991304347826087,0.0,1.0
1196,pgaC,,1.0,0.0,1.0
1197,flgF,0.9778761061946902,0.9826086956521739,0.0,1.0
1198,ybdK,0.9933628318584071,0.9826086956521739,0.0,1.0
1199,iap.ygbF,,1.0,0.0,1.0
1200,hdeD,0.986842105263158,0.991304347826087,0.0,1.0
1201,yiaV,0.8157894736842105,0.991304347826087,0.0,1.0
1202,yqeB,0.9955357142857144,0.991304347826087,1.0,0.9910714285714286
1203,metT.asnB,0.9868421052631579,0.991304347826087,0.0,1.0
1204,ybdM,0.986842105263158,0.991304347826087,0.0,1.0
1205,narY,,1.0,0.0,1.0
1206,yibD,,1.0,0.0,1.0
1207,alsA,0.9780701754385965,0.991304347826087,0.0,1.0
1208,potE,,1.0,0.0,1.0
1209,ygcG,0.6096491228070176,0.991304347826087,0.0,1.0
1210,xdhA,0.7982456140350878,0.991304347826087,0.0,1.0
1211,hemE,,1.0,0.0,1.0
1212,mntR,,1.0,0.0,1.0
1213,rhaA,0.7168141592920354,0.9826086956521739,0.0,1.0
1214,yohF,,1.0,0.0,1.0
1215,yidC,0.8508771929824561,0.991304347826087,0.0,1.0
1216,coaE.guaC,,1.0,0.0,1.0
1217,yjiS.yjiT,,1.0,0.0,1.0
1218,serV,,1.0,0.0,1.0
1219,queF.ygdH,,1.0,0.0,1.0
1220,narQ,,1.0,0.0,1.0
1221,fimE,0.9955357142857143,0.991304347826087,1.0,0.9910714285714286
1222,sgcX,0.986842105263158,0.991304347826087,0.0,1.0
1223,dbpA,,1.0,0.0,1.0
1224,yjjI,,1.0,0.0,1.0
1225,fucK,0.618421052631579,0.991304347826087,0.0,1.0
1226,hofQ,0.9517543859649122,0.991304347826087,0.0,1.0
1227,ycaI,0.5619469026548672,0.9826086956521739,0.0,1.0
1228,mdtE,,1.0,0.0,1.0
1229,mdh.argR,,1.0,0.0,1.0
1230,hflB,1.0,0.9652173913043478,0.0,1.0
1231,kduD,,1.0,0.0,1.0
1232,yfgI,0.48245614035087714,0.991304347826087,0.0,1.0
1233,ybgH.ybgI,0.986842105263158,0.991304347826087,0.0,1.0
1234,citA,0.9911504424778761,0.9826086956521739,0.0,1.0
1235,potF,,1.0,0.0,1.0
1236,hflD,0.9956140350877193,0.991304347826087,0.0,1.0
1237,galR,0.618421052631579,0.991304347826087,0.0,1.0
1238,yebS,,1.0,0.0,1.0
1239,ybdH,0.665929203539823,0.9826086956521739,0.0,1.0
1240,speC.yqgA,,1.0,0.0,1.0
1241,ybcR,0.9955357142857144,0.991304347826087,1.0,0.9910714285714286
1242,yrdB,,1.0,0.0,1.0
1243,torY,0.9868421052631579,0.991304347826087,0.0,1.0
1244,tktA,0.08771929824561409,0.991304347826087,0.0,1.0
1245,yqjG,0.5066371681415929,0.9826086956521739,0.0,1.0
1246,dcuR,,1.0,0.0,1.0
1247,gltD,0.993362831858407,0.9826086956521739,0.0,1.0
1248,gltT.rrlB,,1.0,0.0,1.0
1249,ybdZ,0.5331858407079646,0.9826086956521739,0.0,1.0
1250,ybfO,0.5685840707964602,0.9826086956521739,0.0,1.0
1251,ftsN,0.33771929824561403,0.991304347826087,0.0,1.0
1252,yqhC,,1.0,0.0,1.0
1253,kdgK,0.665929203539823,0.9826086956521739,0.0,1.0
1254,yegE,,1.0,0.0,1.0
1255,ycaO,,1.0,0.0,1.0
1256,ypjA,,1.0,0.0,1.0
1257,ispB,,1.0,0.0,1.0
1258,yciI.tonB,,1.0,0.0,1.0
1259,gadB,0.6991150442477876,0.9826086956521739,0.0,1.0
1260,citF,0.5287610619469026,0.9826086956521739,0.0,1.0
1261,ybgK,0.31140350877192985,0.991304347826087,0.0,1.0
1262,argG,,1.0,0.0,1.0
1263,ldcA,1.0,0.991304347826087,0.0,1.0
1264,ybcT,0.9955357142857143,0.9826086956521739,1.0,0.9821428571428571
1265,ygiE,0.9911504424778762,0.9826086956521739,0.0,1.0
1266,yhiR,0.9868421052631579,0.991304347826087,0.0,1.0
1267,cueO.gcd,,1.0,0.0,1.0
1268,nei,1.0,0.991304347826087,0.0,1.0
1269,yhbX.leuU,,1.0,0.0,1.0
1270,leuP,0.9824561403508772,0.991304347826087,0.0,1.0
1271,yhdP,0.550595238095238,0.9739130434782609,0.0,1.0
1272,ybcU,0.9955357142857142,0.9826086956521739,1.0,0.9821428571428571
1273,mokC,,1.0,0.0,1.0
1274,yggW,,1.0,0.0,1.0
1275,ybhQ,0.9868421052631579,0.991304347826087,0.0,1.0
1276,yjiZ,0.9911504424778761,0.9826086956521739,0.0,1.0
1277,helD,,1.0,0.0,1.0
1278,yhcG,,1.0,0.0,1.0
1279,lysU,0.9823008849557523,0.9826086956521739,0.0,1.0
1280,yhjA,0.986842105263158,0.9652173913043478,1.0,0.9649122807017544
1281,ECB_00510,,1.0,0.0,1.0
1282,insJ.2,0.986842105263158,0.991304347826087,0.0,1.0
1283,ybiB,0.9911504424778761,0.9826086956521739,0.0,1.0
1284,hycC,,1.0,0.0,1.0
1285,selB,,1.0,0.0,1.0
1286,srlE,0.8596491228070176,0.991304347826087,0.0,1.0
1287,lldP,0.6570796460176992,0.9826086956521739,0.0,1.0
1288,recE.XcC,,1.0,0.0,1.0
1289,yjgR,0.9780701754385965,0.991304347826087,0.0,1.0
1290,yjcH,0.6842105263157895,0.991304347826087,0.0,1.0
1291,nohB,,1.0,0.0,1.0
1292,insK.2,0.9868421052631579,0.991304347826087,0.0,1.0
1293,ECB_00833,0.9911504424778761,0.9826086956521739,0.0,1.0
1294,fur.fldA,,1.0,0.0,1.0
1295,ydeR,,1.0,0.0,1.0
1296,astC,0.9956140350877193,0.991304347826087,0.0,1.0
1297,ydfV,,1.0,0.0,1.0
1298,malX,,1.0,0.0,1.0
1299,yhjB,0.9868421052631579,0.991304347826087,0.0,1.0
1300,ECB_01510,0.9955357142857143,0.9826086956521739,1.0,0.9821428571428571
1301,yghJ.yghK,,1.0,0.0,1.0
1302,ECB_00851.ybjL,0.986842105263158,0.991304347826087,0.0,1.0
1303,ompA.sulA,,1.0,0.0,1.0
1304,mutH,0.6973684210526315,0.991304347826087,0.0,1.0
1305,ydfJ,0.42543859649122806,0.991304347826087,0.0,1.0
1306,pabB,0.5022123893805309,0.9826086956521739,0.0,1.0
1307,mdfA,1.0,0.991304347826087,0.0,1.0
1308,yjiM,0.9335585585585585,0.9652173913043478,0.0,1.0
1309,yhjC,0.9868421052631579,0.991304347826087,0.0,1.0
1310,ECB_00513,,1.0,0.0,1.0
1311,insE.3,0.9955357142857143,0.9826086956521739,1.0,0.9821428571428571
1312,yjeM,0.9955357142857142,0.9739130434782609,0.0,1.0
1313,ygjE,,1.0,0.0,1.0
1314,yhdN,0.19736842105263158,0.991304347826087,0.0,1.0
1315,ynfM.asr,,1.0,0.0,1.0
1316,rsmF,0.9956140350877193,0.991304347826087,0.0,1.0
1317,yhjD,0.9868421052631579,0.991304347826087,0.0,1.0
1318,ECB_00514,,1.0,0.0,1.0
1319,insF.3,0.9955357142857143,0.991304347826087,1.0,0.9910714285714286
1320,putP,1.0,0.991304347826087,0.0,1.0
1321,yhhX,0.986842105263158,0.991304347826087,0.0,1.0
1322,gspC,0.9868421052631579,0.991304347826087,0.0,1.0
1323,glpD,1.0,0.991304347826087,0.0,1.0
1324,plsB,,1.0,0.0,1.0
1325,hchA,0.9956140350877193,0.991304347826087,0.0,1.0
1326,yieL,0.4004424778761062,0.9826086956521739,0.0,1.0
1327,yhjE,0.986842105263158,0.991304347826087,0.0,1.0
1328,ycdN,,1.0,0.0,1.0
1329,ytfQ,0.9955357142857142,0.991304347826087,1.0,0.9910714285714286
1330,yeeR,0.9623893805309734,0.9826086956521739,0.0,1.0
1331,ybiR,0.35526315789473684,0.991304347826087,0.0,1.0
1332,bcsE,0.9868421052631579,0.991304347826087,0.0,1.0
1333,yhjG,0.9868421052631579,0.991304347826087,0.0,1.0
1334,ydcA,,1.0,0.0,1.0
1335,gnsB,0.9955357142857143,0.9826086956521739,1.0,0.9821428571428571
1336,ycdO,0.986842105263158,0.991304347826087,0.0,1.0
1337,aroG,0.9868421052631579,0.991304347826087,0.0,1.0
1338,pyrD,,1.0,0.0,1.0
1339,gmd,0.6875000000000001,0.9739130434782609,0.0,1.0
1340,yhjH,0.9734513274336283,0.9826086956521739,0.0,1.0
1341,hokB,,1.0,0.0,1.0
1342,ynfN,0.9955357142857143,0.9826086956521739,1.0,0.9821428571428571
1343,ycdB,,1.0,0.0,1.0
1344,aroG.gpmA,,1.0,0.0,1.0
1345,ybdA,0.9868421052631579,0.991304347826087,0.0,1.0
1346,qseC,,1.0,0.0,1.0
1347,uidA,,1.0,0.0,1.0
1348,yidA,,1.0,0.0,1.0
1349,mokB,,1.0,0.0,1.0
1350,ECB_01516,0.9955357142857142,0.9826086956521739,1.0,0.9821428571428571
1351,ECB_02818,0.9911504424778761,0.9826086956521739,0.0,1.0
1352,ycbL,0.9780701754385965,0.991304347826087,0.0,1.0
1353,galT,,1.0,0.0,1.0
1354,yebN,,1.0,0.0,1.0
1355,b3775.b4403,,1.0,0.0,1.0
1356,yhjJ,0.9868421052631579,0.9739130434782609,1.0,0.9736842105263158
1357,cspI,0.9955357142857143,0.9826086956521739,1.0,0.9821428571428571
1358,ycdP,,1.0,0.0,1.0
1359,dctA,0.986842105263158,0.991304347826087,0.0,1.0
1360,ycdQ,,1.0,0.0,1.0
1361,yhhA,0.9868421052631579,0.991304347826087,0.0,1.0
1362,cysB,,1.0,0.0,1.0
1363,gldA,0.8606194690265486,0.9826086956521739,0.0,1.0
1364,ybjS,,1.0,0.0,1.0
1365,ydfQ,1.0,1.0,1.0,1.0
1366,livJ,0.9868421052631579,0.991304347826087,0.0,1.0
1367,wzxE,,1.0,0.0,1.0
1368,yebK.pykA,,1.0,0.0,1.0
1369,hemX,,1.0,0.0,1.0
1370,ydfR,0.9955357142857142,0.9826086956521739,1.0,0.9821428571428571
1371,ycdS,0.986842105263158,0.991304347826087,0.0,1.0
1372,agp,0.9780701754385965,0.9826086956521739,0.0,0.9912280701754386
1373,ybeM,0.793859649122807,0.991304347826087,0.0,1.0
1374,b1894.b4403,,1.0,0.0,1.0
1375,xerC,,1.0,0.0,1.0
1376,bcsZ,0.9734513274336284,0.9826086956521739,0.0,1.0
1377,essQ,0.9955357142857143,0.991304347826087,1.0,0.9910714285714286
1378,lysU.yjdL,,1.0,0.0,1.0
1379,ycdG,0.9868421052631579,0.991304347826087,0.0,1.0
1380,sgcA,,1.0,0.0,1.0
1381,yfdE,0.8053097345132744,0.9826086956521739,0.0,1.0
1382,ECB_01522,0.9955357142857142,0.991304347826087,1.0,0.9910714285714286
1383,dfp,,1.0,0.0,1.0
1384,yjhR,,1.0,0.0,1.0
1385,yegR.yegS,,1.0,0.0,1.0
1386,macA,,1.0,0.0,1.0
1387,yigG.rarD,,1.0,0.0,1.0
1388,bcsA,,1.0,0.0,1.0
1389,ECB_01523,0.9955357142857142,0.9826086956521739,1.0,0.9821428571428571
1390,hscC,0.9692982456140351,0.991304347826087,0.0,1.0
1391,cytR,,1.0,0.0,1.0
1392,bcsQ,,1.0,0.0,1.0
1393,manB,0.9955357142857142,0.9826086956521739,1.0,0.9821428571428571
1394,yicL,,1.0,0.0,1.0
1395,yhfT,,1.0,0.0,1.0
1396,yhgF,0.9868421052631579,0.991304347826087,0.0,1.0
1397,macB,0.9956140350877193,0.991304347826087,0.0,1.0
1398,ptsA,0.6008771929824561,0.991304347826087,0.0,1.0
1399,yhjR,,1.0,0.0,1.0
1400,manC,0.9955357142857142,0.9826086956521739,1.0,0.9821428571428571
1401,ECB_00515,,1.0,0.0,1.0
1402,insH.8.narP,,1.0,0.0,1.0
1403,pcm,0.986842105263158,0.991304347826087,0.0,1.0
1404,ynjC,,1.0,0.0,1.0
1405,thiE,,1.0,0.0,1.0
1406,insB.14,0.9955357142857143,0.9826086956521739,1.0,0.9821428571428571
1407,ECB_00516,,1.0,0.0,1.0
1408,ssuD,,1.0,0.0,1.0
1409,ECB_03714,,1.0,0.0,1.0
1410,napB,,1.0,0.0,1.0
1411,insA.14,0.9955357142857143,0.991304347826087,1.0,0.9910714285714286
1412,ECB_00517,,1.0,0.0,1.0
1413,aceA,0.9800884955752213,0.9826086956521739,0.0,1.0
1414,bipA.yihL,,1.0,0.0,1.0
1415,glyV.glyX,,1.0,0.0,1.0
1416,rfc,,1.0,0.0,1.0
1417,ldrD,,1.0,0.0,1.0
1418,yhhL,0.986842105263158,0.991304347826087,0.0,1.0
1419,ycaK,,1.0,0.0,1.0
1420,insD.yjgZ,,1.0,0.0,1.0
1421,wzy,0.9955357142857143,0.9826086956521739,1.0,0.9821428571428571
1422,ycdW,,1.0,0.0,1.0
1423,ydjX,,1.0,0.0,1.0
1424,kptA,0.9955357142857142,0.991304347826087,1.0,0.9910714285714286
1425,nuoB,,1.0,0.0,1.0
1426,fecA,,1.0,0.0,1.0
1427,yhjV,0.7105263157894737,0.991304347826087,0.0,1.0
1428,wbbB,0.9955357142857142,0.991304347826087,1.0,0.9910714285714286
1429,ycdZ,,1.0,0.0,1.0
1430,phnD,,1.0,0.0,1.0
1431,yfbQ,,1.0,0.0,1.0
1432,gapA,0.9868421052631579,0.991304347826087,0.0,1.0
1433,wbbA,0.9955357142857143,0.991304347826087,1.0,0.9910714285714286
1434,goaG,0.9911504424778761,0.9826086956521739,0.0,1.0
1435,ygdD,,1.0,0.0,1.0
1436,bglA,0.9956140350877192,0.991304347826087,0.0,1.0
1437,vioB,0.9955357142857143,0.9826086956521739,1.0,0.9821428571428571
1438,insE.4,,1.0,0.0,1.0
1439,yfcD.yfcE,,1.0,0.0,1.0
1440,dppC,,1.0,0.0,1.0
1441,vioA,0.9955357142857142,0.991304347826087,1.0,0.9910714285714286
1442,insF.4,,1.0,0.0,1.0
1443,yecT,0.06578947368421051,0.991304347826087,0.0,1.0
1444,alsK,0.5394736842105263,0.991304347826087,0.0,1.0
1445,dppB,0.986842105263158,0.991304347826087,0.0,1.0
1446,wzx,0.9955357142857143,0.9826086956521739,1.0,0.9821428571428571
1447,ECB_01526,,1.0,0.0,1.0
1448,ECB_00524,,1.0,0.0,1.0
1449,rnk,0.9911504424778761,0.9826086956521739,0.0,1.0
1450,dppA,,0.9652173913043478,0.0,0.9652173913043478
1451,flhB,,1.0,0.0,1.0
1452,cvpA,,1.0,0.0,1.0
1453,yggN,0.9956140350877194,0.991304347826087,0.0,1.0
1454,rmlC,0.9955357142857143,0.9826086956521739,1.0,0.9821428571428571
1455,yjdB,,1.0,0.0,1.0
1456,yeaS,,1.0,0.0,1.0
1457,araH,,1.0,0.0,1.0
1458,fklB.cycA,,1.0,0.0,1.0
1459,frc,,1.0,0.0,1.0
1460,torA,1.0,0.991304347826087,0.0,1.0
1461,smf,0.9780701754385965,0.991304347826087,0.0,1.0
1462,proK,,1.0,0.0,1.0
1463,ECB_00526,,1.0,0.0,1.0
1464,yeeA,,1.0,0.0,1.0
1465,rfbD,0.9955357142857142,0.9826086956521739,1.0,0.9821428571428571
1466,ECB_00527,,1.0,0.0,1.0
1467,insL.3,0.986842105263158,0.991304347826087,0.0,1.0
1468,yidX,,1.0,0.0,1.0
1469,ycgV.ychF,0.17982456140350878,0.991304347826087,0.0,1.0
1470,pepB,,1.0,0.0,1.0
1471,sufB,0.07017543859649122,0.991304347826087,0.0,1.0
1472,yhjX,0.986842105263158,0.991304347826087,0.0,1.0
1473,rfbB,0.9955357142857143,0.9826086956521739,1.0,0.9821428571428571
1474,ECB_00528,,1.0,0.0,1.0
1475,sufC,,1.0,0.0,1.0
1476,hcaT,0.27631578947368424,0.991304347826087,0.0,1.0
1477,yhjY,,1.0,0.0,1.0
1478,ECB_00529,,1.0,0.0,1.0
1479,modA,,1.0,0.0,1.0
1480,yecA,,1.0,0.0,1.0
1481,yebQ,,1.0,0.0,1.0
1482,tag,,1.0,0.0,1.0
1483,wcaM,0.992117117117117,0.9826086956521739,0.75,0.990990990990991
1484,ECB_00530,,1.0,0.0,1.0
1485,XiA,,1.0,0.0,1.0
1486,garR,0.9956140350877192,0.991304347826087,0.0,1.0
1487,purT,,1.0,0.0,1.0
1488,yiaC,,1.0,0.0,1.0
1489,ccrB,0.04424778761061948,0.9826086956521739,0.0,1.0
1490,wcaL,0.9955357142857142,0.9826086956521739,1.0,0.9821428571428571
1491,ybdQ,0.9868421052631579,0.991304347826087,0.0,1.0
1492,ydcI.ydcJ,0.986842105263158,0.991304347826087,0.0,1.0
1493,yedD,,1.0,0.0,1.0
1494,ydhB,,1.0,0.0,1.0
1495,flhC,,1.0,0.0,1.0
1496,bisC,0.9690265486725664,0.9826086956521739,0.0,1.0
1497,yeaY,,1.0,0.0,1.0
1498,baeR,0.9955357142857142,0.9739130434782609,0.0,1.0
1499,yeaV,,1.0,0.0,1.0
1500,cysN,0.13157894736842102,0.991304347826087,0.0,1.0
1501,dam,0.9956140350877193,0.991304347826087,0.0,1.0
1502,cheY,,1.0,0.0,1.0
1503,yfbK,,1.0,0.0,1.0
1504,yfiF,0.9911504424778761,0.9826086956521739,0.0,1.0
1505,cutC,,1.0,0.0,1.0
1506,ydfI.ydfK,,1.0,0.0,1.0
1507,yiaD,,1.0,0.0,1.0
1508,wzxC,0.9955357142857143,0.9826086956521739,1.0,0.9821428571428571
1509,narW,0.986842105263158,0.991304347826087,0.0,1.0
1510,nlpC,,1.0,0.0,1.0
1511,asnT.yeeJ,,1.0,0.0,1.0
1512,ghrB,,1.0,0.0,1.0
1513,wcaJ,0.9921171171171171,0.9826086956521739,0.75,0.990990990990991
1514,ylcC,,1.0,0.0,1.0
1515,yddQ,0.986842105263158,0.991304347826087,0.0,1.0
1516,yciM,,1.0,0.0,1.0
1517,yoaB,,1.0,0.0,1.0
1518,intF,,1.0,0.0,1.0
1519,yejK,0.6359649122807017,0.991304347826087,0.0,1.0
1520,ydjJ,,1.0,0.0,1.0
1521,ydiM,,1.0,0.0,1.0
1522,yiaF,,1.0,0.0,1.0
1523,ybeR,0.7964601769911505,0.9826086956521739,0.0,1.0
1524,yneK,0.9868421052631579,0.991304347826087,0.0,1.0
1525,aXE.kduD,,1.0,0.0,1.0
1526,ftsY,0.9778761061946902,0.9826086956521739,0.0,1.0
1527,ycfD,0.32456140350877194,0.991304347826087,0.0,1.0
1528,leuX.insC,,1.0,0.0,1.0
1529,ycjJ.ycjK,,1.0,0.0,1.0
1530,xanQ,,1.0,0.0,1.0
1531,yghU.hybG,,1.0,0.0,1.0
1532,asnB.nagD,0.4166666666666667,0.991304347826087,0.0,1.0
1533,citX,0.986842105263158,0.991304347826087,0.0,1.0
1534,ydeI,0.9868421052631579,0.991304347826087,0.0,1.0
1535,ptrB,0.7433628318584071,0.9826086956521739,0.0,1.0
1536,yggP,,1.0,0.0,1.0
1537,ttdA,,1.0,0.0,1.0
1538,hokA,,1.0,0.0,1.0
1539,ECB_01906,,1.0,0.0,1.0
1540,ybgI,,1.0,0.0,1.0
1541,nfnB,0.9868421052631579,0.991304347826087,0.0,1.0
1542,citE,0.9868421052631579,0.991304347826087,0.0,1.0
1543,yghG,0.40789473684210525,0.991304347826087,0.0,1.0
1544,ompA,0.6359649122807017,0.991304347826087,0.0,1.0
1545,ydcL,,1.0,0.0,1.0
1546,citD,0.5796460176991151,0.9826086956521739,0.0,1.0
1547,yeiW,0.986842105263158,0.991304347826087,0.0,1.0
1548,yhbU,0.37280701754385964,0.991304347826087,0.0,1.0
1549,fimC.fimD,,1.0,0.0,1.0
1550,recG,,1.0,0.0,1.0
1551,yojL,0.9780701754385965,0.991304347826087,0.0,1.0
1552,dkgA.yqhG,,1.0,0.0,1.0
1553,tdh,0.9956140350877193,0.991304347826087,0.0,1.0
1554,ydgK,0.5657894736842105,0.991304347826087,0.0,1.0
1555,insB.9,0.986842105263158,0.991304347826087,0.0,1.0
1556,ynjE,0.5243362831858407,0.9826086956521739,0.0,1.0
1557,baeS,0.9955357142857143,0.9739130434782609,0.0,1.0
1558,ydiB,,1.0,0.0,1.0
1559,glyS,0.7807017543859649,0.991304347826087,0.0,1.0
1560,insJ.1,,1.0,0.0,1.0
1561,ydhY,0.9911504424778762,0.9826086956521739,0.0,1.0
1562,insA.9,0.9868421052631579,0.991304347826087,0.0,1.0
1563,mipA.yeaG,0.5243362831858407,0.991304347826087,0.5,1.0
1564,ltaE,,1.0,0.0,1.0
1565,yciB,1.0,0.991304347826087,0.0,1.0
1566,yegZ,0.9955357142857142,0.9739130434782609,0.0,1.0
1567,insK.1,,1.0,0.0,1.0
1568,yebZ,0.9911504424778761,0.9826086956521739,0.0,1.0
1569,ECB_01994,0.9955357142857143,0.9739130434782609,0.0,1.0
1570,ECB_01989,0.9955357142857143,0.9739130434782609,0.0,1.0
1571,insB.7,,1.0,0.0,1.0
1572,yobB,0.9911504424778761,0.9826086956521739,0.0,1.0
1573,aer,,1.0,0.0,1.0
1574,ycjO,0.8157894736842105,0.991304347826087,0.0,1.0
1575,ECB_01990,0.9955357142857142,0.9739130434782609,0.0,1.0
1576,srlD,,1.0,0.0,1.0
1577,insA.7,,1.0,0.0,1.0
1578,rhtC,0.9956140350877193,0.991304347826087,0.0,1.0
1579,yiaA,0.02192982456140352,0.991304347826087,0.0,1.0
1580,ECB_01991,0.9955357142857142,0.9739130434782609,0.0,1.0
1581,metR,0.7035398230088495,0.9826086956521739,0.0,1.0
1582,dhaR,0.27631578947368424,0.991304347826087,0.0,1.0
1583,muX,,1.0,0.0,1.0
1584,yfhM,0.33333333333333337,0.991304347826087,0.0,1.0
1585,xylB,,1.0,0.0,1.0
1586,gltA.sdhC,0.7123893805309733,0.9826086956521739,0.0,1.0
1587,ECB_01993,0.9955357142857142,0.991304347826087,1.0,0.9910714285714286
1588,gutQ,,1.0,0.0,1.0
1589,yegM,0.9955357142857143,0.991304347826087,1.0,0.9910714285714286
1590,yehW,0.9868421052631577,0.991304347826087,0.0,1.0
1591,kdsD,,1.0,0.0,1.0
1592,tehA,0.5199115044247788,0.9826086956521739,0.0,1.0
1593,ygaA,,1.0,0.0,1.0
1594,yegN,0.9955357142857142,0.9739130434782609,0.0,1.0
1595,mglA,0.9933628318584071,0.9826086956521739,0.0,1.0
1596,mtgA,,1.0,0.0,1.0
1597,acs,0.9956140350877193,0.991304347826087,0.0,1.0
1598,ECB_01995,0.9955357142857142,0.9739130434782609,0.0,1.0
1599,yegO,0.9955357142857142,0.9739130434782609,0.0,1.0
1600,cirA.lysP,0.9868421052631579,0.991304347826087,0.0,1.0
1601,rpiR.rpiB,0.9601769911504425,0.9826086956521739,0.0,1.0
1602,yhbX,0.9824561403508772,0.991304347826087,0.0,1.0
1603,yegB,0.9955357142857142,0.991304347826087,1.0,0.9910714285714286
1604,yeiE,0.986842105263158,0.991304347826087,0.0,1.0
1605,yhbY,0.32894736842105265,0.991304347826087,0.0,1.0
1606,ECB_01997,0.9955357142857142,0.9739130434782609,0.0,1.0
1607,fdnG,0.986842105263158,0.991304347826087,0.0,1.0
1608,ascF,,1.0,0.0,1.0
1609,cysG.yhfL,,1.0,0.0,1.0
1610,ydiI,,1.0,0.0,1.0
1611,ECB_01998,0.9955357142857143,0.991304347826087,1.0,0.9910714285714286
1612,ccmF,0.9868421052631579,0.991304347826087,0.0,1.0
1613,ygbK,,1.0,0.0,1.0
1614,b4479.b4403,,1.0,0.0,1.0
1615,btuE,,1.0,0.0,1.0
1616,ydiP.ydiQ,0.7324561403508771,0.991304347826087,0.0,1.0
1617,bax,,1.0,0.0,1.0
1618,ascG,0.9999999999999999,0.991304347826087,0.0,1.0
1619,yegP,0.9955357142857143,0.991304347826087,1.0,0.9910714285714286
1620,fimG,0.9932432432432433,0.9652173913043478,0.0,1.0
1621,ECB_02000,0.9955357142857143,0.9739130434782609,0.0,1.0
1622,nikC,0.9868421052631579,0.991304347826087,0.0,1.0
1623,avtA,,1.0,0.0,1.0
1624,nikR,0.9868421052631579,0.991304347826087,0.0,1.0
1625,yjjV,0.49336283185840707,0.9826086956521739,0.0,1.0
1626,ysaA,,1.0,0.0,1.0
1627,dsdX,0.9780701754385965,0.991304347826087,0.0,1.0
1628,ygdL,0.9780701754385964,0.991304347826087,0.0,1.0
1629,ada,1.0,0.991304347826087,0.0,1.0
1630,ilvD,,1.0,0.0,1.0
1631,yiaJ,,1.0,0.0,1.0
1632,ydiH,,1.0,0.0,1.0
1633,yfcF,0.581858407079646,0.9826086956521739,0.0,1.0
1634,yceE,0.9868421052631579,0.991304347826087,0.0,1.0
1635,uspA.dtpB,,1.0,0.0,1.0
1636,ECB_02004,0.9955357142857143,0.991304347826087,1.0,0.9910714285714286
1637,dedD,0.986842105263158,0.991304347826087,0.0,1.0
1638,gshA,,1.0,0.0,1.0
1639,yiaL,,1.0,0.0,1.0
1640,ECB_02005,0.9955357142857143,0.9739130434782609,0.0,1.0
1641,flk,0.6216814159292035,0.9826086956521739,0.0,1.0
1642,ydhK,,1.0,0.0,1.0
1643,ECB_02006,0.9955357142857143,0.9739130434782609,0.0,1.0
1644,yeeP,,0.9652173913043478,0.0,0.9652173913043478
1645,waaY,,1.0,0.0,1.0
1646,yoaE,0.4977876106194691,0.9826086956521739,0.0,1.0
1647,yeeS,,1.0,0.0,1.0
1648,ECB_02007,0.9955357142857143,0.9739130434782609,0.0,1.0
1649,hycD,,1.0,0.0,1.0
1650,yfcO,0.986842105263158,0.991304347826087,0.0,1.0
1651,murP,0.17105263157894735,0.991304347826087,0.0,1.0
1652,ygcQ,0.9780701754385964,0.991304347826087,0.0,1.0
1653,xanP,,1.0,0.0,1.0
1654,yiaO,,1.0,0.0,1.0
1655,lyxK,1.0,0.991304347826087,0.0,1.0
1656,ECB_02009,0.9955357142857143,0.9739130434782609,0.0,1.0
1657,ECB_02802,,1.0,0.0,1.0
1658,ECB_02010,0.9955357142857143,0.9739130434782609,0.0,1.0
1659,hycA,0.9780701754385965,0.991304347826087,0.0,1.0
1660,yafZ,0.9868421052631579,0.9739130434782609,1.0,0.9736842105263158
1661,ydiN,,1.0,0.0,1.0
1662,yigG,,1.0,0.0,1.0
1663,ypfG,0.18859649122807015,0.991304347826087,0.0,1.0
1664,ECB_02011,0.9955357142857143,0.9739130434782609,0.0,1.0
1665,yffI,0.9868421052631579,0.991304347826087,0.0,1.0
1666,rXA,,1.0,0.0,1.0
1667,ppdB,0.4868421052631579,0.991304347826087,0.0,1.0
1668,sgbE,,1.0,0.0,1.0
1669,ECB_02012,0.9955357142857143,0.9739130434782609,0.0,1.0
1670,celF.celD,,1.0,0.0,1.0
1671,argH,,1.0,0.0,1.0
1672,yeeT,,1.0,0.0,1.0
1673,lamB.malM,,1.0,0.0,1.0
1674,ygcR,,1.0,0.0,1.0
1675,nrfA,,1.0,0.0,1.0
1676,yeeV,,0.9652173913043478,0.0,0.9652173913043478
1677,ydiP,,0.991304347826087,0.0,0.991304347826087
1678,ygcS,,1.0,0.0,1.0
1679,cheZ,,1.0,0.0,1.0
1680,fecB,,1.0,0.0,1.0
1681,yeaW,0.13157894736842102,0.991304347826087,0.0,1.0
1682,speG,0.3026315789473684,0.991304347826087,0.0,1.0
1683,yeeW,,1.0,0.0,1.0
1684,yecI,,1.0,0.0,1.0
1685,fecR,1.0,0.991304347826087,0.0,1.0
1686,glcB,0.42543859649122806,0.991304347826087,0.0,1.0
1687,ECB_02810,,1.0,0.0,1.0
1688,uxuA,0.9955357142857142,0.9739130434782609,0.0,1.0
1689,ynfH,,1.0,0.0,1.0
1690,yfjM.rnlA,,1.0,0.0,1.0
1691,ECB_02811,,1.0,0.0,1.0
1692,yjiR,,1.0,0.0,1.0
1693,pphB,0.9780701754385965,0.991304347826087,0.0,1.0
1694,ECB_02812,,1.0,0.0,1.0
1695,csiD,0.986842105263158,0.991304347826087,0.0,1.0
1696,yehR,,1.0,0.0,1.0
1697,yqcE,,1.0,0.0,1.0
1698,yfjR,,1.0,0.0,1.0
1699,ECB_02813,,0.9652173913043478,0.0,0.9652173913043478
1700,yehV,,1.0,0.0,1.0
1701,kefF,,1.0,0.0,1.0
1702,gudP,,1.0,0.0,1.0
1703,ECB_02814,,0.9652173913043478,0.0,0.9652173913043478
1704,qmcA,,1.0,0.0,1.0
1705,lhgO,0.06140350877192979,0.991304347826087,0.0,1.0
1706,ECB_02815,,1.0,0.0,1.0
1707,ydiA,0.9868421052631579,0.991304347826087,0.0,1.0
1708,ybcJ,,1.0,0.0,1.0
1709,zwf,0.9933628318584071,0.9826086956521739,0.0,1.0
1710,agaC,,1.0,0.0,1.0
1711,yebA,1.0,0.991304347826087,0.0,1.0
1712,ydjF,,1.0,0.0,1.0
1713,prfB,0.75,0.991304347826087,0.0,1.0
1714,yebC,1.0,0.991304347826087,0.0,1.0
1715,yeaD,,1.0,0.0,1.0
1716,livH,0.9868421052631579,0.991304347826087,0.0,1.0
1717,yggJ,0.9868421052631579,0.991304347826087,0.0,1.0
1718,ygjK,0.9780701754385964,0.991304347826087,0.0,1.0
1719,yeaK,,1.0,0.0,1.0
1720,ygjO,,1.0,0.0,1.0
1721,ybeX,,1.0,0.0,1.0
1722,ECB_02838,0.9868421052631579,0.991304347826087,0.0,1.0
1723,rpsE.1,,1.0,0.0,1.0
1724,plsC,0.00877192982456143,0.991304347826087,0.0,1.0
1725,kbaZ,,1.0,0.0,1.0
1726,ECB_02817,0.9911504424778762,0.9826086956521739,0.0,1.0
1727,glcF,0.986842105263158,0.991304347826087,0.0,1.0
1728,yfaS,1.0,0.991304347826087,0.0,1.0
1729,gspD,,1.0,0.0,1.0
1730,trkA,,1.0,0.0,1.0
1731,yghU,0.9780701754385964,0.991304347826087,0.0,1.0
1732,uvrY,0.9692982456140351,0.991304347826087,0.0,1.0
1733,pabA,,1.0,0.0,1.0
1734,ptsN,,1.0,0.0,1.0
1735,ECB_02819,0.9911504424778761,0.9826086956521739,0.0,1.0
1736,yeeT.yeeU,0.17982456140350878,0.991304347826087,0.0,1.0
1737,ybgF,,1.0,0.0,1.0
1738,aphA,0.37280701754385964,0.991304347826087,0.0,1.0
1739,ECB_02820,0.9911504424778762,0.9826086956521739,0.0,1.0
1740,yjiW,0.9955357142857143,0.991304347826087,1.0,0.9910714285714286
1741,yfbW,,1.0,0.0,1.0
1742,leuO,,1.0,0.0,1.0
1743,acpT,0.9911504424778761,0.9826086956521739,0.0,1.0
1744,hsdS,0.9955357142857143,0.9739130434782609,0.0,1.0
1745,uhpT,0.3640350877192982,0.991304347826087,0.0,1.0
1746,ECB_02822,0.9911504424778761,0.9826086956521739,0.0,1.0
1747,ECB_02851,0.9780701754385964,0.991304347826087,0.0,1.0
1748,ycaD,,1.0,0.0,1.0
1749,insB.22,0.991150442477876,0.9826086956521739,0.0,1.0
1750,yqiK.rfaE,0.9868421052631579,0.991304347826087,0.0,1.0
1751,dacD,,1.0,0.0,1.0
1752,dgoD,,1.0,0.0,1.0
1753,insA.22,0.9911504424778761,0.9826086956521739,0.0,1.0
1754,yhfS,,1.0,0.0,1.0
1755,ECB_02825,0.9911504424778761,0.9826086956521739,0.0,1.0
1756,ygjH,0.986842105263158,0.991304347826087,0.0,1.0
1757,yifB,0.27631578947368424,0.991304347826087,0.0,1.0
1758,trmH,,1.0,0.0,1.0
1759,ECB_02826,0.9911504424778761,0.9826086956521739,0.0,1.0
1760,folP.1,0.9868421052631579,0.991304347826087,0.0,1.0
1761,yibL,,1.0,0.0,1.0
1762,ECB_02827,0.9955357142857143,0.991304347826087,1.0,0.9910714285714286
1763,acrF,0.9933628318584071,0.9826086956521739,0.0,1.0
1764,secB,0.9780701754385965,0.991304347826087,0.0,1.0
1765,yiiE,,1.0,0.0,1.0
1766,ECB_02828,0.9911504424778762,0.9826086956521739,1.0,0.9823008849557522
1767,insI,,1.0,0.0,1.0
1768,yghD,0.9911504424778761,0.9826086956521739,0.0,1.0
1769,yghE,0.9911504424778761,0.9826086956521739,0.0,1.0
1770,yrbK,0.9868421052631579,0.991304347826087,0.0,1.0
1771,exuT,0.9868421052631579,0.991304347826087,0.0,1.0
1772,ECB_02831,0.9911504424778761,0.9826086956521739,0.0,1.0
1773,hyfR,0.1228070175438597,0.991304347826087,0.0,1.0
1774,yhfG,,1.0,0.0,1.0
1775,ECB_02833,0.9911504424778761,0.9826086956521739,0.0,1.0
1776,yddG,0.986842105263158,0.991304347826087,0.0,1.0
1777,fimC,0.9955357142857143,0.9739130434782609,0.0,1.0
1778,ECB_02834,0.9911504424778761,0.9826086956521739,1.0,0.9823008849557522
1779,nuoJ,0.8075221238938053,0.9826086956521739,0.0,1.0
1780,yjjG.prfC,1.0,1.0,1.0,1.0
1781,ECB_02835,0.9911504424778762,0.9826086956521739,1.0,0.9823008849557522
1782,gntR,,1.0,0.0,1.0
1783,degQ,,1.0,0.0,1.0
1784,eutC,0.34649122807017546,0.991304347826087,0.0,1.0
1785,ECB_02836,0.9911504424778761,0.9826086956521739,0.0,1.0
1786,yhdY,0.9868421052631579,0.991304347826087,0.0,1.0
1787,yejE,0.9933628318584071,0.9826086956521739,0.0,1.0
1788,thiH,,1.0,0.0,1.0
1789,pheA,,1.0,0.0,1.0
1790,ygaU,,1.0,0.0,1.0
1791,purH,,1.0,0.0,1.0
1792,mtr,,1.0,0.0,1.0
1793,malE,0.293859649122807,0.991304347826087,0.0,1.0
1794,acrD,0.5476190476190476,0.9739130434782609,0.0,1.0
1795,aidB,0.4402654867256637,0.9826086956521739,0.0,1.0
1796,celF,0.9868421052631579,0.991304347826087,0.0,1.0
1797,ECB_03460,0.9823008849557523,0.9826086956521739,0.0,1.0
1798,hcaR,0.7057522123893806,0.9826086956521739,0.0,1.0
1799,cysD.iap,,1.0,0.0,1.0
1800,glpC,0.5243362831858407,0.9826086956521739,0.0,1.0
1801,basS,0.9868421052631579,0.991304347826087,0.0,1.0
1802,yjhQ,,1.0,0.0,1.0
1803,psd,,1.0,0.0,1.0
1804,ygcM,,1.0,0.0,1.0
1805,gspA,,1.0,0.0,1.0
1806,uxuR,0.9955357142857143,0.9739130434782609,0.0,1.0
1807,adiA,,1.0,0.0,1.0
1808,dcuS,,1.0,0.0,1.0
1809,bglG,,1.0,0.0,1.0
1810,glvG,0.9911504424778761,0.9826086956521739,0.0,1.0
1811,ygeD,0.986842105263158,0.991304347826087,0.0,1.0
1812,ubiH,0.7149122807017544,0.991304347826087,0.0,1.0
1813,grpE,0.40789473684210525,0.991304347826087,0.0,1.0
1814,yieC,0.9868421052631579,0.991304347826087,0.0,1.0
1815,ydjR,,1.0,0.0,1.0
1816,accD,0.5199115044247787,0.9826086956521739,0.0,1.0
1817,sgcR,,1.0,0.0,1.0
1818,astE,0.986842105263158,0.991304347826087,0.0,1.0
1819,rffG,0.9780701754385965,0.991304347826087,0.0,1.0
1820,sgcE,,1.0,0.0,1.0
1821,gcvH.gcvT,,1.0,0.0,1.0
1822,topB,,1.0,0.0,1.0
1823,ygfI,0.06140350877192979,0.991304347826087,0.0,1.0
1824,panF,0.5685840707964601,0.9826086956521739,0.0,1.0
1825,astD,0.9868421052631579,0.991304347826087,0.0,1.0
1826,sgcQ,,1.0,0.0,1.0
1827,sgcC,,1.0,0.0,1.0
1828,sgcB,,1.0,0.0,1.0
1829,yhfK,0.7053571428571429,0.9739130434782609,0.0,1.0
1830,rtcR,0.17105263157894735,0.991304347826087,0.0,1.0
1831,fimB,0.9955357142857144,0.9739130434782609,0.0,1.0
1832,ECB_04174,,1.0,0.0,1.0
1833,glcD,1.0,1.0,1.0,1.0
1834,yecR,0.986842105263158,0.991304347826087,0.0,1.0
1835,ECB_02855,,1.0,0.0,1.0
1836,fimI,0.9955357142857142,0.991304347826087,1.0,0.9910714285714286
1837,yjhS,,1.0,0.0,1.0
1838,ugpQ,0.9868421052631579,0.991304347826087,0.0,1.0
1839,yjhT,,1.0,0.0,1.0
1840,ugpC,0.991150442477876,0.9826086956521739,0.0,1.0
1841,yjbB,0.9868421052631579,0.991304347826087,0.0,1.0
1842,fimF,0.9955357142857143,0.991304347826087,1.0,0.9910714285714286
1843,ugpE,0.9868421052631579,0.991304347826087,0.0,1.0
1844,lysC.pgi,0.9868421052631579,0.991304347826087,0.0,1.0
1845,ygiY,,1.0,0.0,1.0
1846,insB.27,,1.0,0.0,1.0
1847,malE.malK,,1.0,0.0,1.0
1848,ugpB,0.9868421052631579,0.991304347826087,0.0,1.0
1849,phnI,0.9868421052631579,0.991304347826087,0.0,1.0
1850,insA.27,,1.0,0.0,1.0
1851,yhhT,0.9911504424778761,0.9826086956521739,0.0,1.0
1852,gntP,1.0,1.0,1.0,1.0
1853,livF,0.9868421052631579,0.991304347826087,0.0,1.0
1854,livG,0.9868421052631579,0.991304347826087,0.0,1.0
1855,nikA,0.9868421052631579,0.991304347826087,0.0,1.0
1856,livM,0.9868421052631579,0.991304347826087,0.0,1.0
1857,nikB,0.9868421052631579,0.991304347826087,0.0,1.0
1858,yrbG,,1.0,0.0,1.0
1859,cca,,1.0,0.0,1.0
1860,fumB,,1.0,0.0,1.0
1861,yjiC,0.9955357142857143,0.9739130434782609,0.0,1.0
1862,livK,0.9911504424778762,0.9826086956521739,0.0,1.0
1863,yjiD,0.9955357142857144,0.9739130434782609,0.0,1.0
1864,yhhK,0.986842105263158,0.991304347826087,0.0,1.0
1865,nikE,0.9868421052631579,0.991304347826087,0.0,1.0
1866,yihG,0.2850877192982456,0.991304347826087,0.0,1.0
1867,yjiE,0.9955357142857142,0.9739130434782609,0.0,1.0
1868,tdcG.tdcF,,1.0,0.0,1.0
1869,ygcE,0.6438053097345133,0.9826086956521739,0.0,1.0
1870,iadA,0.7905405405405406,0.9652173913043478,0.0,1.0
1871,yjiG,0.9955357142857143,0.991304347826087,1.0,0.9910714285714286
1872,yjiH,0.9955357142857143,0.9739130434782609,0.0,1.0
1873,rbfA.infB,,1.0,0.0,1.0
1874,yhbH,0.9868421052631579,0.991304347826087,0.0,1.0
1875,ydjH,0.986842105263158,0.991304347826087,0.0,1.0
1876,yhcC,,1.0,0.0,1.0
1877,yjjP,0.9999999999999999,0.991304347826087,0.0,1.0
1878,yjiL,1.0,0.9652173913043478,0.0,1.0
1879,yhhM,0.9868421052631579,0.991304347826087,0.0,1.0
1880,idnT.idnO,0.9868421052631579,0.9739130434782609,1.0,0.9736842105263158
1881,rplE,,1.0,0.0,1.0
1882,ECB_04148,0.9868421052631579,0.991304347826087,0.0,1.0
1883,ulaA,0.8903508771929824,0.991304347826087,0.0,1.0
1884,rplN,,1.0,0.0,1.0
1885,yjiO,0.9955357142857142,0.991304347826087,1.0,0.9910714285714286
1886,yhbL,,1.0,0.0,1.0
1887,sirA,0.9868421052631579,0.991304347826087,0.0,1.0
1888,yhhQ,0.986842105263158,0.991304347826087,0.0,1.0
1889,acrE,0.9868421052631579,0.991304347826087,0.0,1.0
1890,insA.28,0.9955357142857143,0.9739130434782609,0.0,1.0
1891,dcrB,0.9868421052631579,0.991304347826087,0.0,1.0
1892,mdoB,0.9868421052631579,0.991304347826087,0.0,1.0
1893,yheM,,1.0,0.0,1.0
1894,insB.28,0.9955357142857143,0.9739130434782609,0.0,1.0
1895,yhhS,0.9911504424778761,0.9826086956521739,1.0,0.9823008849557522
1896,rrfD,,1.0,0.0,1.0
1897,fic,,1.0,0.0,1.0
1898,nirB,,1.0,0.0,1.0
1899,nanK,0.986842105263158,0.991304347826087,0.0,1.0
1900,gph,,1.0,0.0,1.0
1901,dcuD,0.9868421052631579,0.991304347826087,0.0,1.0
1902,rpe,,1.0,0.0,1.0
1903,damX,,1.0,0.0,1.0
1904,yhjQ,0.986842105263158,0.991304347826087,0.0,1.0
1905,mrcA,,1.0,0.0,1.0
1906,yhiH,0.9868421052631579,0.991304347826087,0.0,1.0
1907,degS,0.06140350877192979,0.991304347826087,0.0,1.0
1908,yhgE,,1.0,0.0,1.0
1909,yhiKL,0.986842105263158,0.991304347826087,0.0,1.0
1910,yicF,0.986842105263158,0.991304347826087,0.0,1.0
1911,rplR,,1.0,0.0,1.0
1912,gspL,1.0,0.991304347826087,0.0,1.0
1913,yhfA,0.1578947368421053,0.991304347826087,0.0,1.0
1914,yhgA,,0.991304347826087,0.0,0.991304347826087
1915,yhiP,0.9868421052631579,0.991304347826087,0.0,1.0
1916,yhiQ,0.9868421052631579,0.991304347826087,0.0,1.0
1917,kdgK.yhjJ,0.11842105263157893,0.991304347826087,0.0,1.0
1918,maf,0.986842105263158,0.991304347826087,0.0,1.0
1919,yidJ,1.0,0.991304347826087,0.0,1.0
1920,yibQ,,1.0,0.0,1.0
1921,yhiF,0.986842105263158,0.991304347826087,0.0,1.0
1922,asd,,1.0,0.0,1.0
1923,hdeA,0.9868421052631579,0.991304347826087,0.0,1.0
1924,yhgN,0.9868421052631579,0.991304347826087,0.0,1.0
1925,gntU,0.9868421052631579,0.991304347826087,0.0,1.0
1926,yhiE,0.986842105263158,0.991304347826087,0.0,1.0
1927,znuC,0.986842105263158,0.991304347826087,0.0,1.0
1928,yhiU,0.986842105263158,0.991304347826087,0.0,1.0
1929,yhiV,0.9868421052631579,0.991304347826087,0.0,1.0
1930,yhiW,0.9868421052631579,0.991304347826087,0.0,1.0
1931,frvA,0.5508849557522124,0.9826086956521739,0.0,1.0
1932,gadX,0.986842105263158,0.991304347826087,0.0,1.0
1933,coaA,,1.0,0.0,1.0
1934,amn,0.9868421052631579,0.991304347826087,0.0,1.0
1935,yjeH.groES,,1.0,0.0,1.0
1936,yjdP,0.11403508771929827,0.991304347826087,0.0,1.0
1937,frdA,,1.0,0.0,1.0
1938,hflC,,1.0,0.0,1.0
1939,yhjN,0.986842105263158,0.991304347826087,0.0,1.0
1940,yhjO,0.9868421052631577,0.991304347826087,0.0,1.0
1941,mpl,,1.0,0.0,1.0
1942,yrdC,,1.0,0.0,1.0
1943,smg,0.9868421052631579,0.991304347826087,0.0,1.0
1944,lasT,,1.0,0.0,1.0
1945,creC,0.9999999999999999,0.991304347826087,0.0,1.0
1946,pckA,0.9868421052631579,0.991304347826087,0.0,1.0
1947,gapC,,1.0,0.0,1.0
1948,insA.12,,1.0,0.0,1.0
1949,insB.12,,1.0,0.0,1.0
1950,cybB,,1.0,0.0,1.0
1951,ilvA,0.986842105263158,0.991304347826087,0.0,1.0
1952,fkpA,0.9868421052631579,0.991304347826087,0.0,1.0
1953,trmA,0.9868421052631579,0.991304347826087,0.0,1.0
1954,yhfV,0.986842105263158,0.991304347826087,0.0,1.0
1955,hslO,0.9868421052631579,0.991304347826087,0.0,1.0
1956,ade,0.39035087719298245,0.991304347826087,0.0,1.0
1957,ECB_03279,0.986842105263158,0.991304347826087,0.0,1.0
1958,aslB,0.3201754385964912,0.991304347826087,0.0,1.0
1959,yigF,0.31140350877192985,0.991304347826087,0.0,1.0
1960,rarD,0.40789473684210525,0.991304347826087,0.0,1.0
1961,cspA,0.986842105263158,0.991304347826087,0.0,1.0
1962,phnK,0.9868421052631579,0.991304347826087,0.0,1.0
1963,dcuB,,1.0,0.0,1.0
1964,yjeK,0.3026315789473684,0.991304347826087,0.0,1.0
1965,alsB,,1.0,0.0,1.0
1966,rpiR,,1.0,0.0,1.0
1967,rpiB,,1.0,0.0,1.0
1968,phnP,,1.0,0.0,1.0
1969,phnO,,1.0,0.0,1.0
1970,phnN,,1.0,0.0,1.0
1971,phnM,,1.0,0.0,1.0
1972,yjfC,0.2850877192982456,0.991304347826087,0.0,1.0
1973,phnL,,1.0,0.0,1.0
1974,phnJ,,1.0,0.0,1.0
1975,phnH,,1.0,0.0,1.0
1976,phnG,,1.0,0.0,1.0
1977,phnF,,1.0,0.0,1.0
1978,phnE,,1.0,0.0,1.0
1979,phnB,,1.0,0.0,1.0
1980,phnA,,1.0,0.0,1.0
1981,yjdA,,1.0,0.0,1.0
1982,yjcZ,,1.0,0.0,1.0
1983,basR,,1.0,0.0,1.0
1984,yjdE,,1.0,0.0,1.0
1985,melR,,1.0,0.0,1.0
1986,melB,,1.0,0.0,1.0
1987,yjdF,,1.0,0.0,1.0
1988,yjdI,,1.0,0.0,1.0
1989,yjdJ,,1.0,0.0,1.0
1990,yjdK,,1.0,0.0,1.0
