"genome site","probability"
"ybcS",0.00945484766666667
"proV",0.0019615642
"acrA",0.00110271298333333
"evgS",0.000588208428438043
"topA",0.025577517
"mrdA",0.0280489973333333
"araJ",0.00735180106666667
"pcnB",0.00652470683333333
"thrA",0.00569592144
"gyrA",0.00512105448666667
"mrdB",0.0423488403333333
"mokC.nhaA",0.0240690933333333
"yaaH",0.00548045594666667
"ybaL",0.378202815666667
"cls",0.0393607683333333
"murE",0.003838123
"ompF.asnS",0.0131929049
"ftsW",0.1701875755
"dgt",0.0024037559
"secF",0.0209185801
"ECB_00212",0.00393981113333333
"cyoA.ampG",0.0100139891333333
"lon.hupB",0.00939143423333333
"mraZ",0.118158575536667
"yahA",0.00303464679
"fsr",0.00571595906666667
"frmB",0.00249589556
"ylaB",0.0537941646866667
"nagD",0.232196827533333
"tig",0.215449623533333
"sbcC",0.190242532566667
"ykgE",0.00449745545866667
"yahG",0.00252232945
"polB",0.00323102733333333
"kefC",0.00194922463333333
"pdhR",0.00296492118333333
"gltL",0.0145652641333333
"dnaK",0.00358170474666667
"hfq",0.0100751533333333
"menD",0.00444652681666667
"dnaJ",0.0903982321833333
"lpxC",0.00461527581333333
"hepA",0.002166466348
"sgrR",0.00222487856666667
"insL.1",0.00259154558
"spoT",0.0535722587666667
"yfbV.ackA",0.00518292789256667
"ydcD",0.00256205133666667
"mokB.trg",0.0882760218633333
"rlmL",0.00544611763533333
"glpK",0.0131743256666667
"rpoS",0.0260558446666667
"mdtG.lpxL",0.0026361977
"mglO",0.00533981230203333
"rpoA",0.0488316471866667
"proX",0.00146849786333333
"COG0428",0.00198347119666667
"miaA.hfq",0.001833760991
"lpxM",0.00145690925383333
"yecC",0.001458760798
"mglD",0.0052624406
"can.yadG",0.00552073366666667
"ycaQ",0.0903227470203333
"csgD.csgB",0.00578369489
"xapA",0.001466199428
"yciW",0.00386650363333333
"araA",0.0056379516212
"acrB",0.0167007307586667
"groL",0.00320243703
"plsX",0.255208903726667
"fucO",0.00277691068378193
"yoaA",0.00500445835866667
"hflK",0.0168261863333333
"aroA.ycaL",0.175242735996333
"ycdR",0.003100058516
"uvrB",0.00835179416666667
"nuoF",0.00710615375333333
"gatZ",0.0127614196213333
"srlR",0.00478538076666667
"arcA",0.031764550226
"yffN",0.00105909141333333
"gatC",0.003734332841
"ydaV",0.0016117313
"garK",0.00397131713333333
"rpoB",0.136722698333333
"udhA",0.00305262115333333
"marR",0.0067228352245
"acrR",0.006694897624
"fis",0.0778042016666667
"manY",0.00187045365366667
"kefC.folA",0.000806646117333333
"polA",0.00186403935
"pyrE.rph",0.180265752666667
"kdpD",0.002451379173
"flu",0.0162725449
"adiY",0.171847427766667
"rpoC",0.139761643666667
"cbpA",0.00169036348
"lpxC.secM",0.00244416353333333
"pykF",0.203739705666667
"rne",0.00696231255666667
"ahpC",0.175385999741667
"clpX.lon",0.00330845096666667
"fusA",0.00977934806666667
"potD",0.0902660584666667
"rph",0.0181172608
"rplD",0.00179802769433333
"rplB",0.00146984865
"acrB.1",0.00194556767466667
"ylbE",0.00308241640466667
"fis.1",0.00154012324833333
"folM",0.00251869614266667
"acrR.1",0.00323544054333333
"ompF",0.0100018655133333
"ompF.1",0.001381130488
"pgaA",0.00218582302333333
"mprA",0.00291149279
"gyrA.1",0.000863348800333333
"ftsI",0.00226926024833333
"ompR",0.00330286291333333
"yaaJ",0.0048612608
"folA",0.00252087669285526
"fusA.1",0.003641646629
"envZ",0.000507110776666667
"rpsE",0.000700226444941527
"cyoA",0.001566700382
"dcp",0.00154289276533333
"ylbE.1",0.00250385091333333
"trkH",0.305122605866667
"atpD",0.00252168378473333
"eutB",0.001458744447
"atpG",0.0975518165666667
"argS",0.00508746250766667
"arnC",0.0014536541611
"nhaR",0.000819483666666667
"ppsA",0.00515475265433333
"crp",0.0106932196666667
"relA",0.0111870952333333
"nusA",0.1121975816
"rho",0.0739980466666667
"argR",0.271535297124667
"entD",0.0021870797
"glpR",0.297876838133333
"ydhA",0.00282926308133333
"ECB_02832",0.0081183665
"ycdT",0.00602741298233333
"dacA",0.19910633899
"yddB",0.00681049743333333
"yneE",0.221495204578667
"fabF",0.00274802200000066
"proQ",0.0154216183333333
"envZ.1",0.0716807033333333
"acnB",0.00353212196533333
"ybjG.mdfA",0.00284267166666667
"yeeP.isrC",0.00145230876666705
"ydeE",0.114246147476
"ftsI.1",0.0111189955433333
"rob",0.00302552943333333
"xdhB",0.00315210866678308
"mlaD",0.00109736982183333
"rbsK",0.173159974088667
"parC",0.08426483881
"hydN",0.114262804076667
"ompR.1",0.0259143113333333
"ccmH",0.209100904597667
"cpxR",0.00198097698633333
"ypjC",0.00146017581566667
"yegQ",0.1936639606
"tufB",0.001350442
"gtrS",0.00198972642333333
"pgsA",0.0841940602066667
"phoQ",0.00417844865333333
"ynfL",0.00466976254666667
"nagC",0.015967578
"yedW.yedX",0.00268464713333333
"rbsA",0.0627947047833333
"ldrC",0.0093000734
"yabN",0.00153009057333333
"ykgK.ykgL",0.00594053463333333
"yaaH.yaaW",0.00441630697666667
"ECB_01992",0.03625028
"mdoG",0.00386711537666667
"mreC",0.026738711
"sbmA",0.00819033416666667
"ECB_00825",0.00284558180666667
"tesB.ybaY",0.00501730932333333
"cpsG",0.064510389
"aroP.pdhR",0.114305870792267
"rssB",0.00931249133333333
"ybhI",0.00377819103333333
"rluB",0.00170612293333333
"dnaX",0.00365937963333333
"ylbH",0.00316009948666667
"sucB",0.00326341193333333
"rpsA",0.00393599343333333
"ybhJ",0.00291274882333333
"yccE",0.00209607928
"gabD",0.118999698533333
"rbs",0.0042554675007
"ynjD",0.00438778229133333
"yceA",0.0026465504411
"ycfH.ptsG",0.003605974714
"rna",0.00757507676666667
"galS",0.00536310413333333
"ptsP",0.00681288172
"rssA.rssB",0.17012676387
"yejM",0.0120579415666667
"slyD",0.157623534784333
"fnr.insH",0.00198996769566667
"mfd",0.00680961276666667
"metL",0.0544555046666667
"gyrB",0.08414598799
"secA",0.00735129576666667
"hybB",0.176968940170167
"mdh",0.163266077568667
"hrpA",0.0143969171333333
"prpR",0.114567647338408
"aroP",0.00194151708623928
"ybeB",0.00146812843
"ymdC",0.16541109298
"ynjI",0.00876506386666667
"dcuB.dcuR",0.0021395733
"focA.ycaO",0.00731313686666667
"gatA",0.00261813566666667
"gatY.fbaB",0.038369707
"pntB",0.00207037030666667
"fruK",0.010520236
"isrC",0.00355421386666667
"cmr",0.00354891703333333
"yedX",0.00262887159462133
"pgaB",0.00480028343333333
"yfgF",0.00401794926666667
"hns.tdk",0.011990704
"yfbM",0.0038272223
"dgsA",0.0021427948
"fucI",0.00381520280666667
"ftsX",0.199866466158333
"msbA",0.0665361354876667
"mhpB",0.1143431523118
"wzzE",0.00701333443333333
"ogrK",0.104415379416667
"nudE.yrfF",0.000644005562402733
"potA",0.004299598824
"wzc",0.00145943984666667
"folP",0.000637254846405667
"marR.1",0.00204892512333333
"envR",0.00188138122
"ydgI",0.0030383805334
"insK.glyS",0.00283881671666667
"yaiT",0.004811798588
"rpsL",0.000305064359868473
"arcB",0.043782566
"ispF",0.114022499488177
"cyoB",0.002414699714
"fliC",0.0488405765544333
"cpxA",0.00253621722
"hemA",0.11422623399
"ispA",0.114303466333333
"thiQ",0.00184618533333333
"cyaA",0.00764870716666667
"kdtA",0.00264118766666668
"pdxB",0.00458235033333333
"acpP",0.00230607559333333
"feoA",0.0902050606876667
"flhD",0.00286027551
"lldR",0.00280221166666667
"nadR",0.0449442137333333
"ilvB",0.00134753833333333
"purF",0.00195384276666667
"pitA",0.00408464927666667
"yifN.ppiC",0.00257638423333333
"alaS",0.114251723897667
"ycjF",0.00305340659603333
"soxR",0.00375650316333333
"ycbZ",0.0111043593333333
"yjjK",0.0681821549333333
"dcd",0.110015442031667
"yfiE",0.00146798468666667
"rplF",0.238557207166667
"rpoD",0.0528240763333333
"rimK.ybjN",0.114247299147333
"mprA.1",0.000805622066666667
"nfsB",0.00289107965333333
"ybhF",0.114248082857333
"emrB",0.196708594903333
"ybbA",0.110042015869333
"tsf",0.00145333677883333
"atpA",0.00498250866666667
"marC",0.00181493204931662
"yjjM",0.00924772453533333
"insL.lon",0.00146919949733333
"ybcQ",0.00673505277666667
"insL.2.lon",0.00162652064333333
"setA",0.00560509093333333
"insB.1",0.00489161736666667
"ECB_01996",0.00941285403333333
"pflA.pflB",0.00307448771333333
"ybiW",0.00230456086666667
"ynjA",0.00285587817666667
"ogrK.ECB_02013",0.0060861414
"entF",0.00841116486666667
"thrS",0.00299830096666667
"ECB_01513.ECB_01523",0.00741356966666667
"gspF",0.00293266093333333
"hokE",0.00513631513333333
"pta",0.0181847289666667
"ECB_00736.ECB_00737",0.003601725649
"nth.ydgR",0.00761150974666667
"puuP",0.114207254389
"hyfG",0.00397988166666667
"ydcU",0.00289290627333333
"ybeA",0.00285485820333333
"ybjE",0.0052787834
"ECB_01413",0.00287541774333333
"ydiJ",0.00697110566666667
"murD",0.00204350131333333
"valS",0.249682720593333
"bamA",0.066515110306
"cusA",0.0101942816133333
"proA",0.002877931409
"yagR",0.00607678024333333
"ptsG",0.175247436865667
"ytfT",0.00415441754333333
"serB",0.00281811517733333
"dapF",0.00362015433333333
"sapB",0.00706225077461
"malT",0.205186425333333
"fhlA",0.170180770926667
"holE",0.170175888543333
"frvB",0.170188506816667
"yfgO",0.122239786227611
"rrlD",0.00520908778466667
"tpx",0.00153061473277966
"atoS",0.005741023955
"pntA",0.00574737073333333
"ispU",0.00149117607333333
"htrE",0.00617413
"corA",0.00513497915666667
"ygeW",0.00425872696666667
"prpE.codB",0.00291387233333333
"gcd",0.0056070906
"ygiC",0.0101363773333333
"ycaL",0.0069557921
"treA",0.00479877330666667
"spr",0.00156196457333333
"ygaH.mprA",0.006619753
"yiaW",0.00106450333333333
"yhdJ",0.00324104987333333
"trkH.1",0.00329329665866667
"clcB",0.000483553008333333
"folM.1",0.00564554545
"pepT",0.00264955238883333
"yaiV",0.00455733951333333
"eptB",0.00542280866666667
"iscR",0.00149782057
"fimD",0.005987359779
"hybF",0.00154012651
"leuS",0.11004636759
"mdtO",0.0019804329225
"gntK",0.00457354564666667
"ykfH",0.00149131036666816
"bglJ",0.00157401545666667
"nadB",0.011568721176
"ilvG_1",0.00188486200000227
"ydjO",0.00300631704666667
"infC",0.00228639754166667
"fepA.fes",0.00214010561933333
"mreB",0.0193620685
"metA.aceB",0.243741606258333
"pyrB",0.00533395474333333
"ompC",0.00508548223
"rhlB",0.0118513116666667
"narG",0.222037907953333
"rpsL.1",0.286226063383333
"yaeH",0.00149398881666667
"yffS",0.00284622476666667
"yabP",0.00410142532
"parE",0.00678777954666667
"kbaY",0.118587940672003
"ygbE",0.114255609792333
"carB",0.114247662823667
"yghA",0.00636534503433333
"rhsB",0.0387109286666667
"yegI",0.227067354716667
"yghJ",0.232984885033333
"fadE",0.0118253551333333
"leuA",0.13206783178
"tilS.rof",0.00412614018
"motB",0.0029796625
"vacJ",0.00288251196333333
"gltI",0.229685970866667
"ycbS",0.270428512107
"glgP",0.0243345476666667
"yehU",0.00776401783333333
"pitB",0.0023532219
"kpsD",0.0165776491333333
"yeeN.asnW",0.00427648183333333
"aspC.ompF",0.221183535286
"pck",0.00196210499066667
"ECB_02798",0.00953496116666667
"wbbD",0.0107693603
"ECB_02821",0.0148593481
"flhA",0.00281314400001561
"manZ",0.00523005986666667
"ydgR",0.00285894507666667
"ydbD",0.00296811847666667
"yfhK",0.00704908716666667
"yigE.corA",0.1898020964
"acrD.yffB",0.00406872343333333
"dnaG.rpoD",0.29106692529
"infB",0.0112565356666667
"ydeJ",0.001890740478
"ECB_02003",0.00952632257333333
"yeeJ",0.00625054233333333
"ppk",0.00493072813333333
"ansP.yncG",0.00293873766666667
"yneH",0.00283183961666667
"ybbP",0.00881907633333333
"aroL",0.00253508945
"ftsK",0.00667350879
"eutA",0.00199552799666667
"ihfA",0.00495515026666667
"fepE",0.00694809677666667
"ravA",0.004317731455
"iscU",0.00191607921617183
"oxyR",0.165674419633333
"fabR",0.00448209053768667
"ygbM",0.00202299129666667
"ynaI",0.00290715714
"rep",0.00488832215666667
"bipA",0.00242691988666667
"rplD.1",0.00610560713333333
"ydeK",0.0024149726
"yfjL.yfjM",0.00281902758
"ygaZ",0.00795080233333333
"matA.ykgL",0.003799009708
"yeeL_2",0.00186124396
"waaK",0.00252975069466667
"psaA",0.00259239583333333
"typA",0.001875559619
"iap",0.00423653154333333
"putA",0.01348891379
"rpsJ",0.005535424
"mppA",0.01092080515
"rlmE",0.114407259396667
"yejM.proL",0.0903395570513333
"aldA",0.00734155266666667
"barA",0.00558987316666667
"atpB",0.0008514564995
"ydgC",0.00286927206666667
"nmpC",0.0109813166666667
"ampH",0.00518025323666667
"narZ",0.00288523527
"yjjA",0.00222688679
"kgtP",0.00806586706333333
"purE.lpxH",0.000826055333333333
"csdA",0.001350096
"opgH",0.00210717638
"dacB",0.114245797754333
"rapA",0.00310315809
"arpB",0.114242238629667
"rpsF",0.114278819946667
"phoP",0.000983123
"yhhH",0.00388788189333333
"glmU.atpC",0.003659524859
"yhdG.fis",0.003102937704
"caiA",0.00146095462033333
"fadL",0.168050378666667
"phoH",0.0066703946
"glnD",0.00311206812666667
"yaeL",0.00426846841
"yabN.setA",0.00200102667666667
"ddl",0.00311245191666667
"yecP",0.00290664342333333
"tldD",0.00315757967533333
"ECB_02008",0.0101329588333333
"ebgA",0.00386932486666667
"mntH.nupC",0.0103244616666667
"sufD",0.00510186862333333
"manX",0.005768274
"sdaC",0.00303541636666667
"glpT",0.00393106791666667
"truB",0.00237761387666667
"pbpG",0.0068996996
"glpG",0.23105060242
"glpF",0.0140193371666667
"rpoH",0.00962405466666667
"znuA",0.00369745893333333
"ECB_02804",0.00666212158666667
"dinG",0.167053491903333
"atoC",0.00309219386666667
"yejA",0.009556472
"iclR",0.0875739605
"deaD",0.00879016527333333
"crr",0.00238095995
"dhaM",0.00426012016666667
"recO",0.00149115342833333
"yeaH",0.00806065013333333
"cobB",0.196811498233333
"ybdN",0.170171936352
"lsrD",0.00201481082
"nth.tppB",0.00248275198
"rhtA",0.119724275385233
"pgm",0.00143949584000667
"glnE",0.01015493421
"mioC",0.00232958666930277
"uhpA",0.00176917851962143
"uvrA",0.00372909410333333
"uidA.uidR",0.0014583447588
"menC",0.0127239582
"insB",0.00198414853183333
"yobD",0.00242771342666667
"clpA",0.00553629158333333
"rffE",0.00263673758
"adhP",0.00207365051333333
"wcaA",0.002294338361
"yeaR",0.00462968353
"pgl",0.0037645864487
"ydfI",0.00147703287666667
"yjhV.fecE",0.00416486026666667
"mutT",0.00533084961666667
"yhhZ",0.0309893636666667
"ydhZ.pykF",0.00594476
"yhjK",0.009951378
"abgB",0.01441283
"rstA",0.00199192508
"cra.mraZ",0.00283435702433333
"mtlA",0.0046573867
"nuoL",0.00340309105866667
"ribD",0.001885346428
"bglF",0.00780548881666667
"ydcI",0.002284434675
"galE",0.000826775000755879
"idnO",0.00151792133333334
"alr",0.114250860592333
"aroK",0.189380521133333
"pnp",0.00340909186466667
"ahpF",0.006266020121
"marA",0.134193997696667
"yrhC",0.00171724843333333
"kup",0.00708972454
"rpsM",0.00312985812
"asnB",0.00164845728666667
"yagU",0.00494429684666667
"djlA",0.00148610104333333
"nupC.yfeA",0.0228538249
"fadH",0.232776560333333
"wzyE",0.00206286898
"tktB",0.0024297734
"yifB.ilvL",0.0719013423333333
"glmS",0.219258051106667
"ppiA",0.0042709851
"wbbC",0.00896396946666667
"yqeA",0.005060467
"yfcI",0.189353013406667
"uspA",0.00921992966666667
"dnaA",0.24840609572
"ECB_02002",0.0136306884333333
"yedW",0.00294190064666667
"lysP",0.00217124173333333
"yfeY",0.170223877619
"ygcN",0.00193765282333333
"tap",0.00290520313333333
"dusB",0.00855775933333333
"wcaI",0.00189552939
"napA",0.00319114643666667
"frmR.yaiO",0.022185595
"mreD",0.012949777
"prc",0.189317312133333
"endA",0.003760753821
"murA",0.00423375035
"trkG",0.00593749178333333
"mdtJ",0.00148290458666667
"ybeF",0.0238867934666667
"ygeH",0.00146417520466667
"modE",0.00154241895
"fliF",0.0031665493
"yehA",0.00146363902
"manA",0.00550248149
"lhr",0.00800987555
"rhsC",0.00532005733333333
"cadA",0.00304694919666667
"ycfK",0.00145147880786
"ftsE",0.398910638447
"kup.insJ.5",0.00573105875
"rbsD",0.00192040322333333
"rtcA",0.0019946062
"rfe",0.00298916921
"glgB",0.0031685557
"yqeG",0.00461533903333333
"yjiV",0.00642360773333333
"mgtA",0.00451903023333333
"flgK",0.00710982743333333
"acs.nrfA",0.211832540566667
"nagA",0.002978308
"panB",0.00232883413333333
"yeaG",0.00294047066666667
"rstB",0.001491399562
"thiP",0.00281339681666667
"yaiW",0.00545415935333333
"oppF",0.00146239239
"nuoI",0.00150032258666667
"yjbM",0.00152020970333333
"amiD",0.000827000333333333
"mipA",0.114249176075667
"fepA",0.00759338466666667
"yhhI",0.00235452172666667
"nirC",0.00271546421
"narI.ychS",0.00202991950333333
"ybjN.potF",0.0015445108
"ytfN",0.00823967324
"greA.dacB",0.00578668633333333
"glgC",0.00820017346666667
"ECB_01999",0.0122066723333333
"gor",0.00514307686666667
"rrlB",0.00321994206666667
"metH",0.01321455716
"amn.yeeN",0.00197925132
"proW",0.00289151664866667
"yraL",0.00387966085333333
"yggG",0.0022208558
"speB",0.00258082420333333
"ygfK",0.175227704596667
"dctA.yhjK",0.0155131595
"gltB",0.3069267916
"nuoM",0.00350702106666667
"uraA",0.0030424072
"glgA",0.00585067475333333
"gspG",0.00467659033333333
"yhiO.uspA",0.00749871857666667
"ECB_02512",0.00362415348466667
"yhiM.yhiN",0.00294361099
"fhuA",0.00185961696533333
"emrD",0.00528206840666667
"ydgJ",0.00145671155266667
"bcsC",0.0252378612333333
"glnS.ybfM",0.170159548646667
"ycbV",0.00150793623333333
"guaB",0.00132851990666667
"yeaN",0.189239634434667
"cydB",0.114307029158
"rpsB",0.00215447913333333
"hscA",0.00120047370317367
"fxsA",0.00199621182
"abrB",0.0035954073
"citG",0.00665556859
"potC",0.00255556974666667
"ibpB.yidE",0.000515249766566667
"yjiK",0.0530143223333333
"yeiH",0.0516910506466667
"yfdI",0.00334021693333333
"ybiO",0.00215893276666667
"ynfM",0.00188594335666667
"murC",0.00187974509766667
"gltX",0.00366593741333333
"fhuB",0.00192150741666667
"osmF",0.00186463123466667
"pncB",0.00252723966666667
"sspA",0.0127317243366667
"lepA",0.00269721643333333
"fadJ",0.001649597552
"narU",0.00256965066666667
"fes",0.00192190285666667
"yhhJ",0.00166170897666667
"hslU",0.0122963172233333
"ldrC.chaA",0.00629112103333333
"ybjD",0.0104078323333333
"araE",0.00542781986666667
"purL.yfhD",0.00550063196666667
"ygdH.sdaC",0.114559586053333
"hycE",0.00417130755666667
"yhiO",0.0051981815
"rplU.ispB",0.00439419768
"malQ",0.0104508043333333
"rtn",0.00309087763333333
"yjaH",0.00635300346666667
"hypE",0.00448006206666667
"yicC",0.003795442222
"ECB_02800",0.00286927301
"yiaG",0.0024126635
"atpF",0.11422271918
"sufI",0.00284645089
"ygaF",0.170169351124
"ydjE",0.00463658217733333
"lpxK",0.00147389321666667
"ybjL",0.0044539931
"yodB.serU",0.00199830282666667
"rrmA",0.170261075773333
"yhhW",0.00573403862666667
"cdaR",0.00143161101966667
"nuoG",0.00369511754666667
"rbsC",0.00701281668
"cspC",0.00521120331666667
"asnS",0.00258157716666667
"dapB.caX",0.00148906614133333
"cysK.ptsH",0.00145720645033333
"hrpB",0.0038560358
"treB",0.076739601
"yeaP",0.00245075089
"ylbE_1",0.000628821366666668
"elfC",0.00084563600000016
"aroH",0.00244508454533333
"speC",0.00152516867466667
"rbbA",0.002558493751
"rbsB",0.00556003483333333
"insL.2",0.00310778096333333
"yjaG.hupA",0.00284037908
"treF",0.0100833579533333
"ygaD",0.00282765496166667
"atpC",0.00261902303333333
"yjcR",0.00291457926666667
"dapA.gcvR",0.00283263125
"ubiB",0.00363974477666667
"yhhF",0.00811672933333333
"cusC",0.00611868083333333
"orn",0.00180678236666667
"kch",0.00187313113266667
"yjiN",0.005637208
"melA",0.175379375228333
"selA",0.00456405363633333
"asmA",0.00311273483866667
"fruA",0.001454794696
"insH",0.0103026580083333
"yraK",0.175313496688667
"glf",0.00217182681333333
"cfa",0.0553698148086667
"lrp",0.249918379766667
"yobF",0.0072477895
"gst",0.00258246624333333
"perR",0.00159934407666667
"yfeA",0.00272320196666667
"ydeM",0.00171643364466667
"borD",0.00210245637333333
"ggt",0.00827237281333333
"zntA",0.0195116445123333
"ybcM",0.001871329245
"yqaB",0.000978733900000001
"sfmD",0.00233356318666667
"nuoE",0.00210943763333333
"yhiI",0.0227849476666667
"murF",0.00443040956666667
"yaeJ",0.114396125001667
"poxA",0.0036871477
"glpE",0.00667792056666667
"yjeH.groS",0.141896804406667
"uvrD",0.00334880737666667
"yjhC",0.00294043191
"argE.argC",0.144136569008
"yjcF",0.01483578911
"yraM",0.00198891010333333
"glgX",0.00807575253333333
"ybhN",0.001138381365288
"arnT",0.00189199869
"yjgQ",0.262331906466667
"udp",0.001464001068
"yneF",0.00151986759666667
"fabD",0.00325599051333333
"yicH",0.00306982436533333
"wecH",0.000952585106666667
"yhbW",0.189247552433333
"fepB",0.170201969083333
"pstC",0.171039263338333
"yebO",0.00289228448666667
"ycjM",0.0692706573333334
"yiaN",0.00220141225666667
"evgA",0.00304886742
"katE",0.00566342383333333
"ydgD",0.00187562553766667
"ybcV",0.00212452288
"ybhG",0.00145364797433333
"gabP",0.00181363393666667
"sfmH",0.00230583627166667
"ycdY",0.0102421268566667
"yihQ",0.291936915235
"ycfQ",0.114224932843333
"yhiJ",0.00517436506466667
"rbsR",0.0201272437333333
"hsdM",0.006185090658
"ydgR.gst",0.0078605488
"cusS",0.0136394156666667
"yafE",0.1770191965
"nrfG.gltP",0.0342269684666667
"lptB",0.170105794816667
"dppD",0.00300744838666667
"ECB_04076",0.00303895576666667
"yjeP",0.00264047865666667
"ECB_00624",0.00539110499666667
"adhE",0.00677268656666667
"yjiPQ",0.005654310201
"uxuB",0.05561384078
"idnR",0.00148767856333333
"fadD",0.1752845171349
"gltT",0.170184959628333
"yeeE",0.090208513087
"ybaK",0.114288165297667
"yhiD",0.301718799641
"maeA",0.00296657383333333
"osmE",0.00583861976666667
"rrsG.clpB",0.00251586396666667
"yaiY",0.00360076201
"ybcW",0.0102480289333333
"ygbN",0.17533938485
"csgC.ymdA",0.000809393333333379
"hypF",0.167472379206667
"ptrA",0.001458858
"cyoC",0.00145692000566667
"yhiL",0.00276846317
"yieO",0.0167231524033333
"ebgR",0.00198419104546667
"rnd",0.00394267163333333
"gltA",0.0840689671166667
"ECB_00512",0.00545368097333333
"ybaJ",0.00146286736
"metA",0.00261950315666667
"rpsC",0.00285855681666667
"hsdR",0.0053037586
"rhsA",0.00754245553333333
"aspA",0.00312808182333333
"bcsB",0.004648358864
"recE",0.191093860676667
"mukB",0.00333528418166667
"yecN",0.175308513313333
"galF",0.07971173201
"rhsD",0.00325250941666667
"exuR",0.17017736385
"sppA",0.0184780391266667
"hcr",0.00100061373633333
"nlpI.pnp",0.0902097646006667
"yobH",0.00232363128666667
"tqsA",0.001994710185
"yedE",0.00380134311333333
"fadL.yfdF",0.005062052
"yaiZ",0.00366637433333333
"mutS",0.00903331280666667
"grxB",0.000848383000000017
"bglX",0.00618182536
"plaP",0.001466628391
"yhiM",0.00195228188666667
"nmpC.ECB_00513",0.00259057667
"sdaA",0.00289669896666667
"infA",0.00632204709
"thrS.arpB",0.00254980370333333
"dsbG",0.00309065888833333
"actP",0.00449573283333333
"yjcC",0.001878085165
"IS1_insB.ESCRE4497",0.0063770129
"ECB_04210",0.00294821888333333
"mak",0.006502746
"ycbB",0.165450470776667
"allD",0.00297191638533333
"mcrC",0.00606290441
"malI.malX",0.170162666946333
"glnB",0.00149965884
"narH",0.001461499503
"gadA",0.00444805804666667
"asnU",0.00146420370466667
"glxR",0.003079601584
"pflB",0.00642749638666667
"kdgR",0.00228543182066667
"speF",0.00316429258333333
"rcsC",0.00589127816666667
"ddlA",0.00599968913333333
"lolC",0.0070654699
"lolE",0.000826629333333334
"yhiN",0.00159274841333333
"citC.gatZ",0.00258638947666667
"rrlA",0.0100106609033333
"narP.ccmH",0.0015115417
"pheS.pheM",0.00519590961
"gltL.insJ.2",0.00538887775333333
"gcl",0.00475816998166667
"yjhA",0.00370506911666667
"yjgN",0.00194628145233333
"ampG",0.00267030202333333
"prpD",0.11438562534
"ynfF",0.000281694946666667
"uvrC",0.175517326686667
"yfhG",0.00147002278333333
"hycB",0.170159582709
"nikD",0.217913113936667
"pepN",0.0903285951076667
"yiaK",0.001630488332
"ygcU",0.00561359698833333
"proP",0.0049996768
"mltB",0.00368374116666667
"yqiK",0.0048369388
"iraP",0.0045425126
"dnaE",0.00248467487666667
"ymfD",0.0037901337
"treA.dhaM",0.000824572666678851
"ccmB",0.00275296115133333
"ECB_02200.nuoN",0.00586723543333333
"ECB_02013",0.00633931912
"ykgF",0.00145774520466667
"cysQ",0.114176079907333
"cynX",0.167681482216667
"kefA",0.219261563755
"ydbH",0.000826716333333333
"yniA",0.141680898928667
"yeaI",0.00263741659734533
"csgG",0.00198769569166667
"nagE",0.227387693033333
"fabG.acpP",0.175627106533333
"yrfF",0.00900397784666667
"yjaB",0.001455434022
"phnC",0.16261405016
"yjhP",0.227092925745567
"rfbA",0.0315133136666667
"gatY",0.170304823084167
"ygcE.ygcF",0.002906345
"cysI",0.00238804061666667
"araG",0.00509759981
"astB",0.00261595993333333
"phoA",0.00534163
"ldcC",0.00210793284333333
"uspB",0.000846688668862733
"yadG",0.00309218158333333
"rihB",0.114575554123333
"yedV",0.00395758360666667
"tolR",0.00184525016666667
"tauD.hemB",0.002014644
"ybiV",0.00295692251
"lacI",0.00242496531666667
"yeaJ",0.001877119
"aspS",0.00476674733333333
"kdpB",0.00108756037333333
"fnr",0.00252993399
"dppF",0.000991691039
"ycjT",0.170208232656667
"yieG",0.17535987808
"yjdL",0.00461310554516667
"yrbD",0.175350668276667
"cusR",0.00954644292333333
"ychM",0.170191604985
"ygeY",0.00267052114333333
"ydgH",0.00123821462533333
"pepD",0.00147698959666667
"psiF",0.05347562616
"malP",0.001324601186
"narX",0.00266031827666667
"chbF",0.001866762298
"mutL",0.016581963
"smp.serB",0.00766571217
"insJ.3.cysH",0.00211730411333333
"lysQ",0.00423165099
"ybgQ",0.002535479375
"ydcM",0.00148601803333333
"yeaM",0.114432710753333
"dgoT",0.00313777217133333
"ydcF",0.175390978142
"cutA",0.00146698688666667
"rplJ",0.00146116043466667
"rpoN",0.17535239285
"ycgB.dadA",0.170217577642333
"yhfZ",0.114301333126667
"cynR",0.00289004526666667
"adrA",0.00220820571173333
"ycgG",0.00337189363333333
"nrdG",0.14175223162
"manB.cpsG",0.00255298825866667
"tdcR.yhaB",0.00261517786666667
"ynaK.ECB_01341",0.00594696648
"ybiX.ybiL",0.00421795101666667
"ruvB",0.00147294333
"torZ",0.00148819143
"ynbC",0.00267390263333333
"yjiJ",0.0156694274666667
"gspE",0.170187251115
"ynbD",0.00317782591666667
"ybgL",0.171682866886667
"bcsG",0.0014715591616
"yehQ",0.00367977333333333
"appY",0.006527062
"proC",0.003124188891
"ddpD",0.00327695406
"rpsG",0.025645528
"ompN.ydbK",0.00646434641666667
"ddpF",0.00220449111
"fdhD",0.0018760137849
"wcaC",0.002146210638
"yeeU",0.149908763666667
"chiA",0.0107392455566667
"malS",0.00203022636666667
"gltF",0.001883148256
"dinQ.arsR",0.00279363803333333
"yeiT",0.00404658733333333
"yaeF",0.00196678321
"ompT",0.0047567125
"b3783.b4403",0.00133940003333333
"ybgJ",0.00187326674666667
"uxaB",0.000825572333333333
"prlC",0.0092222098
"yhgI.gntT",0.125849238423333
"rplS",0.00527295598666667
"acpD",0.005505413661
"pqiB",0.0048960327
"ulaG",0.00237786420666667
"maa",0.0020783627
"ybbD",0.00806074433333333
"sapA",0.00694441658
"cho",0.001379677904
"ansA",0.170262434873333
"yiaY",0.001347367847
"yphG",0.00216416327183333
"rnr",0.008798368
"dnaQ",0.0102075995
"ycjS",0.00200172348
"ydaM",0.00243589975666667
"cpdB",0.0028146556
"oxc",0.00214115283133333
"rlmJ",0.000868742806666667
"pflC",0.00514387236666667
"ECB_02816",0.00508186393106667
"yeeP.flu",0.00615371816666667
"insL.5",0.00273307146666667
"yfiR",0.00198666734266667
"rimJ",0.00259463233
"IS3_insE.serX",0.00283451236833333
"ydfP",0.00552523302333333
"yehY",0.175541359906667
"fimH",0.00691762564
"fumC",0.00146594452
"yheS",0.00326783960766667
"yeaZ",0.170161859676667
"glyQ",0.00337423041766667
"envY",0.00480623887666667
"ydjI",0.0102184808766667
"kup.insJ",0.002012046445
"rpsD",0.00216096669
"hdfR.yifE",0.00600774595666667
"ydhV",0.00595613108333333
"ylaC",0.00200181728
"rof",0.00239464155666667
"ybaP",0.001477868818
"yjiK.yjiL",0.002525791182
"mdtF",0.00318775794333333
"yhfW",0.17021997728
"cheR",0.114686107316667
"sgbU",0.001959935
"yffP.yffQ",0.00267284987
"yejG.bcr",0.00333174773333333
"ybcH",0.0045847202
"yajO",0.00188454641333333
"ydeU",0.002738483544
"cheA",0.0054083622
"yhbE.rpmA",0.00539491600666667
"ybaM.priC",0.00204403165
"yceF",0.11423390097
"sufS",0.114282485196667
"flgG",0.002012370708
"ydiR",0.001463571634
"ugpA",0.00639422252866667
"atoA",0.15783633085
"cysD",0.114279386921333
"yiaU",0.0043179875
"ravA.kup",0.001819387
"gltP.yjcO",0.00204621666666667
"nfrA",0.0104785999666667
"yajR",0.000991022776333333
"ftnB.yecJ",0.000819664333333869
"feoB",0.00466330633333333
"ygjG",0.00261513171666667
"aroD",0.00213512943333333
"ytfR",0.00147594812133333
"phoU",0.175585223633333
"tus",0.114284128104667
"ilvC",0.142038057446667
"nfrB",0.00501139616666667
"stfR",0.00198636360583333
"ydeT",0.00157942616667213
"yqjK",0.00260598633333333
"ybdR",0.0020404893
"ygjR.psrN",0.00252965329133333
"envC",0.00134755200266667
"amiA",0.170163859361
"yjbH",0.119558187013333
"yihG.polA",0.00252532121333333
"feaB",0.00734969866666667
"smtA",0.00188125921666667
"arsR",0.00291685897566667
"cycA",0.00521703953333333
"yghB",0.004945401
"ydjG",0.00283839159333333
"cdd",0.00352939617666667
"fdoG",0.00137243024186667
"nac",0.114726578656667
"yihM",0.00269726723333333
"rlmB.yjfI",0.00252565535333333
"recN",0.00384845074
"cynT",0.00188104646666667
"cbrA",0.00184594703333334
"dld",0.00274983120633333
"arsB",0.00399280456666667
"cca.uppP",0.00149739628666667
"ECB_02001",0.00431876916666667
"ydiD",0.003638732423
"ybcU.ECB_00510",0.00198990774333333
"ylbF",0.001473778232
"yebT",0.00227296923333333
"malS.avtA",0.136230435311
"glmU",0.141750703
"nlpD",0.0034308321
"ygfM",0.002086382336
"pheS",0.00199420415
"ssuB",0.00415140076666667
"arsC",0.00335636296333333
"ykgA",0.0025367471
"yrfE",0.00333532308666667
"intD",0.00245030743333333
"fadI",0.000994847908333333
"metK.galP",0.0015497294
"ydcK",0.00199298745433333
"tar",0.15542227872
"acnA",0.179495439247567
"nrfD",0.00289660076666667
"yjhI",0.00188742907333333
"ypfJ",0.000847137000004339
"yhiS",0.00100809589333333
"yahJ",0.00145800987233333
"yciQ",0.00167316781
"fepD",0.00149351365833333
"xapB",0.00156227066
"yhfX",0.00188681366666667
"rffD",0.0140581273333333
"creD",0.00167775596666667
"cusB",0.00459433360333333
"yebK",0.00192920510333333
"IS1",0.00201029794166667
"waaT",0.00468666472666667
"mepA",0.00578175301
"yehM",0.00536379423333333
"entE",0.00254281373666667
"idi",0.00250852707333333
"focA",0.00256456706666667
"gcvR",0.00345917016666667
"cstA",0.00241985892
"intA",0.000846345000061857
"ydiY",0.12026746519
"ycjC",0.001470258571
"hyfB",0.0664821903333333
"ygfU",0.00253880722066667
"yehB",0.0024092856761198
"ybhR",0.00256564895
"pheP",0.00706456843333333
"slp",0.00319378491666667
"yeeI",0.00314457789333333
"citT",0.00470375785
"bioC",0.00238888332
"aslA",0.00151908781666667
"cydD",0.00546772983333333
"mnmG",0.00207707078666667
"hypD",0.00379308486666667
"ybdG",0.00697871780666667
"nrdA",0.00334405543374667
"ygaM",0.0102215235273333
"fhuE",0.114299105333333
"yahK",0.00531942186666667
"fimA",0.00357471042554337
"purL",0.00255979599
"ydcR",0.00285882991333333
"ECB_00735",0.0027932698
"yhhN",0.0033888783
"yhaM",0.175398255496
"ycaC",0.00208390733333333
"ddpA",0.000947915613333333
"ydiS",0.00263950168466667
"argZ.argY",0.000824861666666938
"trg",0.114244252644
"yfiQ",0.00147134516166667
"yfiH",0.00448698078
"ybeD",0.001466687868
"nrdE",0.00207381774333333
"ydiU",0.00149357967
"tdcG",0.17031484935
"lepB",0.171605932173667
"atoE",0.00280585316666667
"ycaN",0.00495742213333333
"ybdF",0.0127289775
"dosP",0.00219705083
"yjhB",0.00197686066666667
"ascB",0.01027719328
"hdeB",0.00129075456666667
"ECB_03822",0.00642654671286667
"mglB",0.00359587573333333
"mcrB",0.00419515823
"wcaK",0.00685837377666667
"ftsA",0.0026383376
"ybdJ",0.006458732355
"pqqL",0.0018708546108
"yphH",0.002312481361
"ygbL",0.010202989108
"amiC",0.00483798543333333
"yejH",0.00942517866666667
"kefB",0.120130324106667
"yeaE",0.114276186599667
"citC",0.1422500889
"pgaC",0.00176529165566667
"flgF",0.00780887766666667
"ybdK",0.00813018376666667
"iap.ygbF",0.000836365000000764
"hdeD",0.00124773252333333
"yiaV",0.00533131304666667
"yqeB",0.0031551345
"metT.asnB",0.00227471381
"ybdM",0.00146287371533333
"narY",0.00355719653333333
"yibD",0.00138026979266667
"alsA",0.00669536033333333
"potE",0.00134629466666667
"ygcG",0.0102057566733333
"xdhA",0.00146000866666667
"hemE",0.004308759099
"mntR",0.175555851615333
"rhaA",0.00161207858333333
"yohF",0.00265217604466667
"yidC",0.114281528814333
"coaE.guaC",0.00163988738333333
"yjiS.yjiT",0.0024446524
"serV",0.00186425782967133
"queF.ygdH",0.000845206666666667
"narQ",0.00260454949
"fimE",0.0063070164
"sgcX",0.00197619936842
"dbpA",0.143515247333333
"yjjI",0.00282655828
"fucK",0.0101774548433333
"hofQ",0.00448799533333333
"ycaI",0.00151320631666667
"mdtE",0.00296591093333333
"mdh.argR",0.00212748948333333
"hflB",0.00331644989
"kduD",0.002006562542
"yfgI",0.120517495926667
"ybgH.ybgI",0.00198929533766667
"citA",0.00253964759866667
"potF",0.00233774203666667
"hflD",0.00198607679666667
"galR",0.0102324191533333
"yebS",0.00294471296666667
"ybdH",0.114289765406667
"speC.yqgA",0.000935237
"ybcR",0.00570834833333333
"yrdB",0.0014559647395
"torY",0.224643145286667
"tktA",0.00414371160066667
"yqjG",0.00229255433333333
"dcuR",0.175378708581333
"gltD",0.17109668557
"gltT.rrlB",0.001789028
"ybdZ",0.00235470837933333
"ybfO",0.0023013565
"ftsN",0.00231003869333333
"yqhC",0.000832905333333336
"kdgK",0.00617012813333333
"yegE",0.00453232841133333
"ycaO",0.00185848319766667
"ypjA",0.00148306197666667
"ispB",0.00295505007246667
"yciI.tonB",0.00156941466666667
"gadB",0.00324693464333333
"citF",0.00268789435
"ybgK",0.001486584096
"argG",0.00176599404533333
"ldcA",0.00142742340666667
"ybcT",0.0058350839
"ygiE",0.003087410355
"yhiR",0.00360578533333333
"cueO.gcd",0.00162633248666667
"nei",0.00125102042666667
"yhbX.leuU",0.000844045333333465
"leuP",0.00323270081
"yhdP",0.00691109072333333
"ybcU",0.00610887916666667
"mokC",0.00208694218666667
"yggW",0.00252630589333333
"ybhQ",0.00231941643333333
"yjiZ",0.00251960434036667
"helD",0.00236543669
"yhcG",0.0102007149663333
"lysU",0.00691574223333333
"yhjA",0.00293914853666667
"ECB_00510",0.00274440985666667
"insJ.2",0.00340593016666667
"ybiB",0.00257393314333333
"hycC",0.00184424887533333
"selB",0.00121886166765975
"srlE",0.114276026434667
"lldP",0.00425763896666667
"recE.XcC",0.00147534484333333
"yjgR",0.0165684126666667
"yjcH",0.00245179442333333
"nohB",0.0025795293
"insK.2",0.00311233149333333
"ECB_00833",0.00258733706333333
"fur.fldA",0.00146724028933333
"ydeR",0.00148072221133333
"astC",0.00273435672
"ydfV",0.00146809517233333
"malX",0.00242796734657757
"yhjB",0.005729939
"ECB_01510",0.00560102021866667
"yghJ.yghK",0.00254666367666667
"ECB_00851.ybjL",0.00200374787
"ompA.sulA",0.00152862055333333
"mutH",0.114547509666667
"ydfJ",0.00322984379
"pabB",0.00414766925333333
"mdfA",0.00203811320766667
"yjiM",0.0586660927456667
"yhjC",0.00664416189333333
"ECB_00513",0.00310028855666667
"insE.3",0.00538873723333333
"yjeM",0.0910003859746667
"ygjE",0.00280312401333333
"yhdN",0.00259915713333333
"ynfM.asr",0.00159197677333333
"rsmF",0.00257878904333333
"yhjD",0.00436844666666667
"ECB_00514",0.0038978959
"insF.3",0.00516137377133333
"putP",0.00539859149166667
"yhhX",0.00261484679
"gspC",0.00148317552333333
"glpD",0.00304376726133333
"plsB",0.00232483052333333
"hchA",0.0031383751
"yieL",0.00283211471666667
"yhjE",0.00125406488333333
"ycdN",0.00253878562366667
"ytfQ",0.00526189199
"yeeR",0.0136344691
"ybiR",0.00190369063666667
"bcsE",0.00599855571333333
"yhjG",0.01013472392
"ydcA",0.00200676253333333
"gnsB",0.00512433901
"ycdO",0.00262584676933333
"aroG",0.00202632725
"pyrD",0.14213002154
"gmd",0.006809102
"yhjH",0.0113936740833333
"hokB",0.00202449495666667
"ynfN",0.006102142386
"ycdB",0.0027131413
"aroG.gpmA",0.00145549539066667
"ybdA",0.00146272080266667
"qseC",0.0696412465566667
"uidA",0.00187316394133333
"yidA",0.0055968549698
"mokB",0.00211381887333333
"ECB_01516",0.00514644933333333
"ECB_02818",0.00641491205666667
"ycbL",0.00331495050666667
"galT",0.00146047324
"yebN",0.00299126768333333
"b3775.b4403",0.000772072366666849
"yhjJ",0.00582474303
"cspI",0.00515652843333333
"ycdP",0.00264072518666667
"dctA",0.00129266504666667
"ycdQ",0.00255410101333333
"yhhA",0.00553041823333333
"cysB",0.00148072225666667
"gldA",0.00196799078
"ybjS",0.00199760463933333
"ydfQ",0.0050710054
"livJ",0.0100443799666667
"wzxE",0.0026332215
"yebK.pykA",0.00161774683333333
"hemX",0.0101811352
"ydfR",0.0816665270866667
"ycdS",0.00309546265366667
"agp",0.00342800663333333
"ybeM",0.11461673798
"b1894.b4403",0.00104853028
"xerC",0.000878668666666668
"bcsZ",0.00441719206666667
"essQ",0.00510649207833333
"lysU.yjdL",0.00198515808456667
"ycdG",0.00198815796666667
"sgcA",0.001486640175
"yfdE",0.00502076012
"ECB_01522",0.006719555898
"dfp",0.00197119047
"yjhR",0.00147059330766667
"yegR.yegS",0.00266083846333333
"macA",0.00169621830326667
"yigG.rarD",0.000841532666666677
"bcsA",0.000536591667359556
"ECB_01523",0.00620494183666667
"hscC",0.00805812946666667
"cytR",0.000825580666671434
"bcsQ",0.00121483500012134
"manB",0.00514826666316667
"yicL",0.00261425021333333
"yhfT",0.19158995838
"yhgF",0.0045965255
"macB",0.00500173064666667
"ptsA",0.010150169455
"yhjR",0.00172859935
"manC",0.00509051821266667
"ECB_00515",0.00198562126083333
"insH.8.narP",0.0015033229
"pcm",0.00423582401
"ynjC",0.00359386419733333
"thiE",0.000862234
"insB.14",0.00524004162
"ECB_00516",0.00198931383233333
"ssuD",0.00152241225
"ECB_03714",0.00371795991
"napB",0.00156359061666667
"insA.14",0.00520458124333333
"ECB_00517",0.0020050413
"aceA",0.00639981304666667
"bipA.yihL",0.00293493396666667
"glyV.glyX",0.000848095666666667
"rfc",0.0487886376666778
"ldrD",0.000877044115333333
"yhhL",0.0058810795
"ycaK",0.00154353055666667
"insD.yjgZ",0.000860157333333335
"wzy",0.00564596646666667
"ycdW",0.001473513678
"ydjX",0.00146781093233333
"kptA",0.00540716472
"nuoB",0.00152566956666667
"fecA",0.01027440029
"yhjV",0.00371983306666667
"wbbB",0.00477226849333333
"ycdZ",0.00149130147
"phnD",0.00421259868
"yfbQ",0.00148282753666667
"gapA",0.00264338886666667
"wbbA",0.00532432845
"goaG",0.0026752343
"ygdD",0.002285917445
"bglA",0.00273406656666667
"vioB",0.005375454209
"insE.4",0.00231883668333333
"yfcD.yfcE",0.00155641983333333
"dppC",0.00143370841
"vioA",0.00481626508666667
"insF.4",0.00374467876666667
"yecT",0.0039947893
"alsK",0.00300305212
"dppB",0.00118971129333333
"wzx",0.00530014136666667
"ECB_01526",0.00254745674766667
"ECB_00524",0.00198839296666667
"rnk",0.00565290446666667
"dppA",0.00256005358299333
"flhB",0.00107492434333333
"cvpA",0.00153227578666667
"yggN",0.00346442195666667
"rmlC",0.00543140373333333
"yjdB",0.0050042061
"yeaS",0.00146015854286667
"araH",0.00183449866666667
"fklB.cycA",0.121996397166667
"frc",0.001649241
"torA",0.00159183792292167
"smf",0.120424933679
"proK",0.00181511065
"ECB_00526",0.00199114158933333
"yeeA",0.00202461821266667
"rfbD",0.00516843396466667
"ECB_00527",0.00199161712766667
"insL.3",0.001472475234
"yidX",0.00155865565
"ycgV.ychF",0.00301177641666667
"pepB",0.00146266522833333
"sufB",0.00293200745333333
"yhjX",0.00131882613666667
"rfbB",0.00512404945666667
"ECB_00528",0.0020655125
"sufC",0.00148982653533333
"hcaT",0.00545856286666667
"yhjY",0.0017510518672
"ECB_00529",0.001989306319
"modA",0.114388554942
"yecA",0.00201379939666667
"yebQ",0.001920177599
"tag",0.000880315068
"wcaM",0.01901001839
"ECB_00530",0.00199606412
"XiA",0.00153155941333333
"garR",0.00264642258666667
"purT",0.00138308446666667
"yiaC",0.00177676264333333
"ccrB",0.00147015098133333
"wcaL",0.00522470308
"ybdQ",0.00152115883
"ydcI.ydcJ",0.00269132543333333
"yedD",0.00419938293333353
"ydhB",0.00365082006666667
"flhC",0.103708405375667
"bisC",0.0073688756
"yeaY",0.00147294642766667
"baeR",0.00550714953333333
"yeaV",0.00146259916583333
"cysN",0.00439141086666667
"dam",0.00303059018
"cheY",0.00192869469
"yfbK",0.00189739003166667
"yfiF",0.286523699581667
"cutC",0.165569632238833
"ydfI.ydfK",0.0034121890000015
"yiaD",0.003306807519
"wzxC",0.00568973656
"narW",0.00198227711566667
"nlpC",0.090394581593
"asnT.yeeJ",0.00169883042666667
"ghrB",0.00107166868214138
"wcaJ",0.0119613723333333
"ylcC",0.00204590562333333
"yddQ",0.00197657546316667
"yciM",0.0014773714
"yoaB",0.00146031023133333
"intF",0.00156228073333333
"yejK",0.0234562947166667
"ydjJ",0.0620871842886667
"ydiM",0.114412664785
"yiaF",0.00155048364
"ybeR",0.00145611046766667
"yneK",0.001981704103
"aXE.kduD",0.00196752103333333
"ftsY",0.0107468246666667
"ycfD",0.00145352114696667
"leuX.insC",0.00344112266666667
"ycjJ.ycjK",0.00147227742733333
"xanQ",0.00147641142
"yghU.hybG",0.00145230335516764
"asnB.nagD",0.00370197766666667
"citX",0.00151519469333333
"ydeI",0.00207622833333333
"ptrB",0.00804429136666667
"yggP",0.00145982830766667
"ttdA",0.002404151181
"hokA",0.000847994524466667
"ECB_01906",0.00206496967333333
"ybgI",0.00423282366333333
"nfnB",0.00371540282333333
"citE",0.001455472065
"yghG",0.00301697024333333
"ompA",0.119929964445333
"ydcL",0.1143483638
"citD",0.00304270834
"yeiW",0.00311184493533333
"yhbU",0.00187522051133333
"fimC.fimD",0.00363380106666673
"recG",0.002760391888
"yojL",0.00163481446666667
"dkgA.yqhG",0.00147664247533333
"tdh",0.00180696579
"ydgK",0.11425926886
"insB.9",0.00149883092666667
"ynjE",0.00264937057133333
"baeS",0.00631421204666667
"ydiB",0.114294391206667
"glyS",0.00120239534033333
"insJ.1",0.00198893683966667
"ydhY",0.00487210989333333
"insA.9",0.00146935294833333
"mipA.yeaG",0.00237499942166667
"ltaE",0.0027424303
"yciB",0.00261293448333333
"yegZ",0.00690804324333333
"insK.1",0.00200651592666667
"yebZ",0.00315172648333333
"ECB_01994",0.00723337366666667
"ECB_01989",0.00598391506666667
"insB.7",0.00210011205333333
"yobB",0.00197821880793333
"aer",0.00303573587
"ycjO",0.00141050096333333
"ECB_01990",0.00627725142
"srlD",0.00162873303333333
"insA.7",0.00200552278333333
"rhtC",0.00265776821666667
"yiaA",0.00333780715333333
"ECB_01991",0.00708983850333333
"metR",0.00295961303533333
"dhaR",0.00386002659066667
"muX",0.00154762292333333
"yfhM",0.00460247892333333
"xylB",0.0022216233345511
"gltA.sdhC",0.00320134365
"ECB_01993",0.006767316062
"gutQ",0.00201064235
"yegM",0.0077440598
"yehW",0.00200383617
"kdsD",0.00514751032
"tehA",0.002492187008
"ygaA",0.00145905868766667
"yegN",0.00601958694333333
"mglA",0.00589087344
"mtgA",0.00311070173333333
"acs",0.00173529313266667
"ECB_01995",0.006652462839
"yegO",0.00626340729
"cirA.lysP",0.00198312446
"rpiR.rpiB",0.00552585001333333
"yhbX",0.00459307704666667
"yegB",0.00511682803333333
"yeiE",0.00198239650133333
"yhbY",0.00194436572666667
"ECB_01997",0.00640202583333333
"fdnG",0.00210750922
"ascF",0.00430682016
"cysG.yhfL",0.00147441277
"ydiI",0.17035112153
"ECB_01998",0.00497957338333333
"ccmF",0.00199730668333333
"ygbK",0.00147309764866667
"b4479.b4403",0.00120208094666682
"btuE",0.00449078171
"ydiP.ydiQ",0.175610824776667
"bax",0.00125022500104083
"ascG",0.00245883175333333
"yegP",0.0064873645
"fimG",0.00957836166666667
"ECB_02000",0.0055389017
"nikC",0.00692516217666667
"avtA",0.00121083733390062
"nikR",0.00684710796666667
"yjjV",0.00453835846666667
"ysaA",0.00121726433437634
"dsdX",0.00149084301
"ygdL",0.00148825204333333
"ada",0.00241612700666667
"ilvD",0.170308146368
"yiaJ",0.00121740800662833
"ydiH",0.00239186385666667
"yfcF",0.00346446774333333
"yceE",0.00147023011666667
"uspA.dtpB",0.00155788947666667
"ECB_02004",0.00604997187333333
"dedD",0.00198332983466667
"gshA",0.00187051400101351
"yiaL",0.000816268000272834
"ECB_02005",0.00606837691333333
"flk",0.0020926447
"ydhK",0.001472678922
"ECB_02006",0.00513339614333333
"yeeP",0.00738867066666667
"waaY",0.00147293756333333
"yoaE",0.00501488723333333
"yeeS",0.132051466357333
"ECB_02007",0.0062830284
"hycD",0.170322402296667
"yfcO",0.00203711537333333
"murP",0.00250139309
"ygcQ",0.002001976475
"xanP",0.00204324306666667
"yiaO",0.00119771333387721
"lyxK",0.0067916555
"ECB_02009",0.007453158
"ECB_02802",0.00429897446
"ECB_02010",0.00678932074333333
"hycA",0.00159440666666667
"yafZ",0.00480796350333333
"ydiN",0.001982874311
"yigG",0.00148305432666667
"ypfG",0.00387455453333333
"ECB_02011",0.0069406138
"yffI",0.00203525699
"rXA",0.00203465082333333
"ppdB",0.00187968046
"sgbE",0.00169821107333333
"ECB_02012",0.0070884795
"celF.celD",0.00148244186666667
"argH",0.00316487321333333
"yeeT",0.0060659044
"lamB.malM",0.00172820561666667
"ygcR",0.00254709408333333
"nrfA",0.00150093349666667
"yeeV",0.00447295916666667
"ydiP",0.00186413138925
"ygcS",0.00258473029666667
"cheZ",0.00149184182333333
"fecB",0.00145231653333333
"yeaW",0.00193877347666667
"speG",0.00189574075666667
"yeeW",0.00432376207333333
"yecI",0.001488281425
"fecR",0.00371940403333333
"glcB",0.00413798366666667
"ECB_02810",0.00421891342533333
"uxuA",0.00761721341133333
"ynfH",0.001866872674
"yfjM.rnlA",0.00197587096666669
"ECB_02811",0.00426251954333333
"yjiR",0.0026823441
"pphB",0.00162120754666667
"ECB_02812",0.00497383556666667
"csiD",0.00146113831833333
"yehR",0.00145949420033333
"yqcE",0.00199943131
"yfjR",0.00195995844333333
"ECB_02813",0.00424610135666667
"yehV",0.001454115666
"kefF",0.00148203901666667
"gudP",0.00158987933333333
"ECB_02814",0.00447397946666667
"qmcA",0.00149985723333333
"lhgO",0.00186440948538
"ECB_02815",0.00420965503833333
"ydiA",0.00146857563466667
"ybcJ",0.00169740343333333
"zwf",0.00355184596
"agaC",0.00249367889853333
"yebA",0.00237823526251333
"ydjF",0.001886183081
"prfB",0.17031833692
"yebC",0.00221626624
"yeaD",0.00188318694666667
"livH",0.0057379705
"yggJ",0.00198547996333333
"ygjK",0.00198814215966667
"yeaK",0.00189145259666667
"ygjO",0.00204244081666667
"ybeX",0.00148976834
"ECB_02838",0.001997700035
"rpsE.1",0.00199713273433333
"plsC",0.0020155722
"kbaZ",0.090406522451
"ECB_02817",0.00603695222666667
"glcF",0.00143966763333333
"yfaS",0.00387006903333333
"gspD",0.00124006981333333
"trkA",0.170306813239
"yghU",0.0038761836
"uvrY",0.00322256766666667
"pabA",0.170316669302333
"ptsN",0.0903932014845
"ECB_02819",0.00592357669283333
"yeeT.yeeU",0.00259663039
"ybgF",0.00165347928
"aphA",0.00189008892833333
"ECB_02820",0.00547078685333333
"yjiW",0.00389336436666667
"yfbW",0.00145233665000233
"leuO",0.001469488008
"acpT",0.00605599751666667
"hsdS",0.0567730635749
"uhpT",0.00134317004533333
"ECB_02822",0.00596455537666666
"ECB_02851",0.00152336955333333
"ycaD",0.00154776086666667
"insB.22",0.004992642305
"yqiK.rfaE",0.001991099672
"dacD",0.00188303716766667
"dgoD",0.000283709946666667
"insA.22",0.00547605372
"yhfS",0.17032598084
"ECB_02825",0.00550877675333333
"ygjH",0.00204021211666667
"yifB",0.00328243387333333
"trmH",0.00160208766666687
"ECB_02826",0.00798188626666666
"folP.1",0.00202088506333333
"yibL",0.00189857890666667
"ECB_02827",0.00606758773333333
"acrF",0.00718854694333333
"secB",0.00298250283166667
"yiiE",0.0904372665966666
"ECB_02828",0.00601557375666667
"insI",0.17031429094
"yghD",0.00619493795666667
"yghE",0.00546107266433333
"yrbK",0.00147308105
"exuT",0.002541262009
"ECB_02831",0.00532811895666667
"hyfR",0.00186670373166667
"yhfG",0.00198515309933333
"ECB_02833",0.004967545042
"yddG",0.00147615269
"fimC",0.164848841366667
"ECB_02834",0.00474222847666667
"nuoJ",0.002523133088
"yjjG.prfC",0.00310399809333333
"ECB_02835",0.00489395364333333
"gntR",0.00198319333333336
"degQ",0.00231219772
"eutC",0.00188071357333333
"ECB_02836",0.0054507184545
"yhdY",0.00147009331333333
"yejE",0.00342015167933333
"thiH",0.000940040613333333
"pheA",0.00146432528
"ygaU",0.00186386866
"purH",0.00201703394666667
"mtr",0.00348233317333333
"malE",0.0018716277882
"acrD",0.00406716662333333
"aidB",0.00363220179333333
"celF",0.00151179713
"ECB_03460",0.00200135569266667
"hcaR",0.00186957306333333
"cysD.iap",0.00147219996866667
"glpC",0.00210961803
"basS",0.00324222245833333
"yjhQ",0.175562654576667
"psd",0.001678572
"ygcM",0.00148591942833333
"gspA",0.00149021287666667
"uxuR",0.00683463589
"adiA",0.00235862282666667
"dcuS",0.00370392396
"bglG",0.00187698902333333
"glvG",0.00269228660666667
"ygeD",0.00154163863333333
"ubiH",0.00176797024
"grpE",0.00188810260866667
"yieC",0.00200777805
"ydjR",0.00148047117666667
"accD",0.00224661286666667
"sgcR",0.001456718367
"astE",0.0020517059
"rffG",0.002974283983
"sgcE",0.00148869772833333
"gcvH.gcvT",0.00147763813666667
"topB",0.00147649634333333
"ygfI",0.00194042804
"panF",0.00382605324666667
"astD",0.00146225719866667
"sgcQ",0.00165268165
"sgcC",0.00200992404666667
"sgcB",0.00145877892766667
"yhfK",0.00526688103333333
"rtcR",0.00247661715
"fimB",0.00164279617333333
"ECB_04174",0.00148246295333333
"glcD",0.00346064100333333
"yecR",0.002073039
"ECB_02855",0.00147687798133333
"fimI",0.00540530966666667
"yjhS",0.00154107576666667
"ugpQ",0.00318924417333333
"yjhT",0.00146237490166667
"ugpC",0.00370909674666667
"yjbB",0.002347253854
"fimF",0.00440982731333333
"ugpE",0.00340698046666667
"lysC.pgi",0.00198087856666667
"ygiY",0.00145320872186667
"insB.27",0.00151776273666667
"malE.malK",0.00150050890666667
"ugpB",0.0033279301
"phnI",0.00210627857333333
"insA.27",0.00145890798266667
"yhhT",0.0043690027
"gntP",0.00523278432666667
"livF",0.00312466005666667
"livG",0.00312174604666667
"nikA",0.0044536209
"livM",0.006920386
"nikB",0.00696717066666667
"yrbG",0.00188184871433333
"cca",0.00147765040333333
"fumB",0.003319128888
"yjiC",0.00423626062333333
"livK",0.0036388176465
"yjiD",0.0046053551
"yhhK",0.00310262243
"nikE",0.00366932294
"yihG",0.00197406453333333
"yjiE",0.00537325771333333
"tdcG.tdcF",0.00148360278533333
"ygcE",0.00205849363333333
"iadA",0.00654609783333333
"yjiG",0.00578672396666667
"yjiH",0.00568687035333333
"rbfA.infB",0.001456536535
"yhbH",0.00148591546
"ydjH",0.00151050058
"yhcC",0.0024159844
"yjjP",0.00237715054
"yjiL",0.00668146913333333
"yhhM",0.004116027
"idnT.idnO",0.001457696768
"rplE",0.00188593945
"ECB_04148",0.001979881584
"ulaA",0.00193281818
"rplN",0.001868423024
"yjiO",0.00564660740566667
"yhbL",0.00147117811266667
"sirA",0.003107253662
"yhhQ",0.0035995957
"acrE",0.00199013402866667
"insA.28",0.00424426183333333
"dcrB",0.00310743498333333
"mdoB",0.00139342335333333
"yheM",0.00188466020266667
"insB.28",0.00421855061333333
"yhhS",0.00328082678266667
"rrfD",0.001982606488
"fic",0.00148614059566667
"nirB",0.00188527778333333
"nanK",0.00146380321766667
"gph",0.00188438375
"dcuD",0.00148777497466667
"rpe",0.00194290725333333
"damX",0.00140922337113333
"yhjQ",0.00311946819
"mrcA",0.00148640804833333
"yhiH",0.00309339178
"degS",0.00190671161666667
"yhgE",0.00190107751866667
"yhiKL",0.00308265284766667
"yicF",0.00206057349
"rplR",0.00189371560666667
"gspL",0.00238722911133333
"yhfA",0.00207866106666667
"yhgA",0.0026177410178
"yhiP",0.003104948692
"yhiQ",0.0036822849
"kdgK.yhjJ",0.00190552217333333
"maf",0.00161251217333333
"yidJ",0.00160849679666667
"yibQ",0.00101044264
"yhiF",0.003087068499
"asd",0.001892497032
"hdeA",0.0042396495
"yhgN",0.00203899412266667
"gntU",0.00137674651033333
"yhiE",0.00308116956066667
"znuC",0.00146980365266667
"yhiU",0.00310110535166667
"yhiV",0.00317859886666667
"yhiW",0.00311008342666667
"frvA",0.00259663407333333
"gadX",0.00309916091666667
"coaA",0.001468375695
"amn",0.00218650933333333
"yjeH.groES",0.00146150886666667
"yjdP",0.00266191311333333
"frdA",0.00105715143333333
"hflC",0.00147902296666667
"yhjN",0.00312129132666667
"yhjO",0.00308165620666667
"mpl",0.00201379893333333
"yrdC",0.001459875352
"smg",0.00145300823383333
"lasT",0.00147325568
"creC",0.00250518503333333
"pckA",0.00198416736466667
"gapC",0.00151965944666667
"insA.12",0.00145644038233333
"insB.12",0.00146841982133333
"cybB",0.00145232992530733
"ilvA",0.00146639719333333
"fkpA",0.00147649652666667
"trmA",0.00149064749833333
"yhfV",0.00146836091533333
"hslO",0.00147785734333333
"ade",0.00187208107566667
"ECB_03279",0.00150835637333333
"aslB",0.00187665277666667
"yigF",0.00185244785633333
"rarD",0.00185929357266667
"cspA",0.00149328857
"phnK",0.002386145301
"dcuB",0.00291504923333333
"yjeK",0.00188699386166667
"alsB",0.00147039759666667
"rpiR",0.0014783768
"rpiB",0.00151447938333333
"phnP",0.00150350968
"phnO",0.00146018544066667
"phnN",0.00147064853
"phnM",0.00157472253333333
"yjfC",0.001895014105
"phnL",0.00153551584666667
"phnJ",0.00147123502666667
"phnH",0.00146702162666667
"phnG",0.00149238642666667
"phnF",0.0014523255505889
"phnE",0.001463997379
"phnB",0.001458941711
"phnA",0.00150866221666667
"yjdA",0.00146422955866667
"yjcZ",0.00160173698333333
"basR",0.00152836163
"yjdE",0.00159819461
"melR",0.00149046311333333
"melB",0.00146917749833333
"yjdF",0.00149189382133333
"yjdI",0.00807874903666667
"yjdJ",0.00204457194
"yjdK",0.00108110990466667
